State,region,ODIS schools,Usable rate (cohort 16+),50-point bin only (cohort 6-15),Suppressed (cohort 1-5),Not in the ACGR file,usable share
PR,,205,0,0,0,205,0.0
CA,California,2221,1847,117,76,181,0.8316
MN,Midwest,1006,581,83,142,200,0.5775
ND,Midwest,177,104,54,13,6,0.5876
SD,Midwest,199,117,46,18,18,0.5879
NE,Midwest,317,212,48,8,49,0.6688
MO,Midwest,666,467,71,18,110,0.7012
IL,Midwest,972,692,12,4,264,0.7119
KS,Midwest,372,292,50,22,8,0.7849
MI,Midwest,982,791,47,17,127,0.8055
WI,Midwest,565,468,35,21,41,0.8283
IN,Midwest,427,362,5,2,58,0.8478
OH,Midwest,924,803,24,23,74,0.869
IA,Midwest,340,326,11,2,1,0.9588
AZ,Mountain,777,418,47,15,297,0.538
MT,Mountain,174,106,44,22,2,0.6092
WY,Mountain,89,67,14,3,5,0.7528
ID,Mountain,215,170,18,1,26,0.7907
NM,Mountain,222,176,23,4,19,0.7928
NV,Mountain,151,127,14,7,3,0.8411
UT,Mountain,199,169,4,5,21,0.8492
CO,Mountain,436,372,32,17,15,0.8532
VT,Northeast,63,47,0,0,16,0.746
NJ,Northeast,468,402,3,1,62,0.859
PA,Northeast,713,631,5,0,77,0.885
RI,Northeast,66,59,0,0,7,0.8939
NH,Northeast,100,92,4,2,2,0.92
CT,Northeast,208,197,0,0,11,0.9471
MA,Northeast,376,358,11,7,0,0.9521
NY,Northeast,1192,1138,6,6,42,0.9547
ME,Northeast,117,112,4,1,0,0.9573
WA,Pacific Northwest,658,473,54,37,94,0.7188
AK,Pacific Northwest,76,62,10,2,2,0.8158
OR,Pacific Northwest,265,238,13,6,8,0.8981
HI,Pacific Northwest,43,41,1,1,0,0.9535
KY,South,447,257,27,22,141,0.5749
MS,South,316,199,0,1,116,0.6297
FL,South,935,669,57,82,127,0.7155
AL,South,412,309,0,3,100,0.75
SC,South,294,231,2,0,61,0.7857
TX,South,1918,1562,27,38,291,0.8144
TN,South,415,344,11,4,56,0.8289
AR,South,318,273,7,7,31,0.8585
OK,South,468,413,49,3,3,0.8825
MD,South,234,219,7,6,2,0.9359
GA,South,458,432,16,7,3,0.9432
LA,South,276,261,5,1,9,0.9457
DC,South,41,39,1,0,1,0.9512
DE,South,41,39,1,0,1,0.9512
NC,South,600,571,4,1,24,0.9517
VA,South,330,322,3,1,4,0.9758
WV,South,111,110,1,0,0,0.991
