spec,region,domain,coef,ci_low,ci_high,p_value,n_schools,n_counties,n_states,r2_with_state_fe,r2_within_state
Five domains,Northeast,Economic,-1.1373,-2.3409,0.0663,0.064,2676,166,8,0.1108,0.0935
Five domains,Northeast,Education,-1.8329,-3.1645,-0.5014,0.007,2676,166,8,0.1108,0.0935
Five domains,Northeast,Health,-1.3128,-2.0332,-0.5924,0.0004,2676,166,8,0.1108,0.0935
Five domains,Northeast,Housing,0.1614,-0.4564,0.7791,0.6087,2676,166,8,0.1108,0.0935
Five domains,Northeast,Crime,-1.0543,-2.3169,0.2083,0.1017,2676,166,8,0.1108,0.0935
Five domains,Midwest,Economic,-1.2956,-2.5326,-0.0587,0.0401,3804,488,12,0.185,0.0972
Five domains,Midwest,Education,-1.6291,-3.4805,0.2223,0.0846,3804,488,12,0.185,0.0972
Five domains,Midwest,Health,-4.6624,-5.5377,-3.787,0.0,3804,488,12,0.185,0.0972
Five domains,Midwest,Housing,0.2157,-0.3512,0.7825,0.4558,3804,488,12,0.185,0.0972
Five domains,Midwest,Crime,0.4237,-0.246,1.0934,0.215,3804,488,12,0.185,0.0972
Five domains,South,Economic,0.2992,-0.3422,0.9406,0.3606,6034,1281,17,0.0773,0.0458
Five domains,South,Education,-1.4089,-2.598,-0.2198,0.0202,6034,1281,17,0.0773,0.0458
Five domains,South,Health,-3.4455,-4.1878,-2.7032,0.0,6034,1281,17,0.0773,0.0458
Five domains,South,Housing,0.4449,-0.0393,0.9291,0.0717,6034,1281,17,0.0773,0.0458
Five domains,South,Crime,0.201,-0.335,0.737,0.4624,6034,1281,17,0.0773,0.0458
Five domains,Pacific Northwest,Economic,-1.6663,-4.7592,1.4265,0.291,761,73,3,0.0393,0.0308
Five domains,Pacific Northwest,Education,-4.3719,-9.3934,0.6496,0.0879,761,73,3,0.0393,0.0308
Five domains,Pacific Northwest,Health,-0.8712,-5.6792,3.9367,0.7225,761,73,3,0.0393,0.0308
Five domains,Pacific Northwest,Housing,3.0394,0.8647,5.214,0.0062,761,73,3,0.0393,0.0308
Five domains,Pacific Northwest,Crime,1.5758,-1.4738,4.6254,0.3112,761,73,3,0.0393,0.0308
Five domains,California,Economic,0.1601,-1.7605,2.0807,0.8702,1840,56,1,0.0095,0.0095
Five domains,California,Education,-0.5811,-1.3354,0.1732,0.131,1840,56,1,0.0095,0.0095
Five domains,California,Health,-1.6264,-3.3615,0.1087,0.0662,1840,56,1,0.0095,0.0095
Five domains,California,Housing,0.441,-0.7059,1.5879,0.4511,1840,56,1,0.0095,0.0095
Five domains,California,Crime,0.6286,-2.3197,3.577,0.676,1840,56,1,0.0095,0.0095
Five domains,Mountain & Southwest,Economic,2.5488,0.1023,4.9953,0.0412,1259,127,7,0.1434,0.0939
Five domains,Mountain & Southwest,Education,-3.1262,-5.6177,-0.6346,0.0139,1259,127,7,0.1434,0.0939
Five domains,Mountain & Southwest,Health,-7.376,-10.5628,-4.1892,0.0,1259,127,7,0.1434,0.0939
Five domains,Mountain & Southwest,Housing,3.2098,2.0614,4.3582,0.0,1259,127,7,0.1434,0.0939
Five domains,Mountain & Southwest,Crime,0.1175,-1.7162,1.9512,0.9001,1259,127,7,0.1434,0.0939
Four domains (no Crime),Northeast,Economic,-1.4363,-2.4249,-0.4478,0.0044,3019,215,9,0.1155,0.0959
Four domains (no Crime),Northeast,Education,-1.6434,-2.8018,-0.485,0.0054,3019,215,9,0.1155,0.0959
Four domains (no Crime),Northeast,Health,-1.6236,-2.2635,-0.9838,0.0,3019,215,9,0.1155,0.0959
Four domains (no Crime),Northeast,Housing,0.1197,-0.437,0.6764,0.6734,3019,215,9,0.1155,0.0959
Four domains (no Crime),Midwest,Economic,-0.9262,-1.9355,0.0832,0.0721,5200,1013,12,0.1615,0.0807
Four domains (no Crime),Midwest,Education,-1.9551,-3.7077,-0.2025,0.0288,5200,1013,12,0.1615,0.0807
Four domains (no Crime),Midwest,Health,-4.1399,-4.9931,-3.2868,0.0,5200,1013,12,0.1615,0.0807
Four domains (no Crime),Midwest,Housing,0.246,-0.2411,0.7331,0.3223,5200,1013,12,0.1615,0.0807
Four domains (no Crime),South,Economic,0.3156,-0.2344,0.8656,0.2607,6204,1379,17,0.0783,0.0451
Four domains (no Crime),South,Education,-1.4243,-2.5743,-0.2743,0.0152,6204,1379,17,0.0783,0.0451
Four domains (no Crime),South,Health,-3.3423,-4.0552,-2.6294,0.0,6204,1379,17,0.0783,0.0451
Four domains (no Crime),South,Housing,0.4416,-0.0352,0.9184,0.0695,6204,1379,17,0.0783,0.0451
Four domains (no Crime),Pacific Northwest,Economic,-1.6908,-4.2617,0.8801,0.1974,861,113,3,0.0385,0.0312
Four domains (no Crime),Pacific Northwest,Education,-4.1812,-8.921,0.5585,0.0838,861,113,3,0.0385,0.0312
Four domains (no Crime),Pacific Northwest,Health,-0.9141,-5.1311,3.303,0.671,861,113,3,0.0385,0.0312
Four domains (no Crime),Pacific Northwest,Housing,2.5435,0.5777,4.5093,0.0112,861,113,3,0.0385,0.0312
Four domains (no Crime),California,Economic,0.3666,-1.1855,1.9188,0.6434,1841,57,1,0.0094,0.0094
Four domains (no Crime),California,Education,-0.6776,-1.5071,0.1519,0.1093,1841,57,1,0.0094,0.0094
Four domains (no Crime),California,Health,-1.559,-3.4632,0.3452,0.1086,1841,57,1,0.0094,0.0094
Four domains (no Crime),California,Housing,0.4572,-0.6643,1.5788,0.4243,1841,57,1,0.0094,0.0094
Four domains (no Crime),Mountain & Southwest,Economic,2.0766,-0.1295,4.2828,0.065,1422,216,7,0.1447,0.0837
Four domains (no Crime),Mountain & Southwest,Education,-3.0457,-5.3913,-0.7001,0.0109,1422,216,7,0.1447,0.0837
Four domains (no Crime),Mountain & Southwest,Health,-6.2439,-8.9204,-3.5674,0.0,1422,216,7,0.1447,0.0837
Four domains (no Crime),Mountain & Southwest,Housing,3.0293,1.957,4.1016,0.0,1422,216,7,0.1447,0.0837
Five domains,National,Economic,-0.0883,-0.6367,0.4601,0.7523,16457,2202,50,0.1258,0.0512
Five domains,National,Education,-1.1708,-1.8474,-0.4942,0.0007,16457,2202,50,0.1258,0.0512
Five domains,National,Health,-3.6765,-4.2257,-3.1273,0.0,16457,2202,50,0.1258,0.0512
Five domains,National,Housing,0.6543,0.3394,0.9692,0.0,16457,2202,50,0.1258,0.0512
Five domains,National,Crime,0.1242,-0.2584,0.5068,0.5246,16457,2202,50,0.1258,0.0512
