region,domain,weight,ci_low,ci_high,odis_weight,share_of_draws_with_zero_weight
Northeast,Economic,0.3135,0.0486,0.5783,0.2,0.02
Northeast,Education,0.2444,0.0945,0.4772,0.2,0.0
Northeast,Health,0.3519,0.122,0.512,0.2,0.002
Northeast,Housing,0.0,0.0,0.0806,0.2,0.7
Northeast,Crime,0.0902,0.0,0.2062,0.2,0.086
Midwest,Economic,0.1958,0.0125,0.3579,0.2,0.018
Midwest,Education,0.1191,0.0293,0.3194,0.2,0.006
Midwest,Health,0.6851,0.521,0.814,0.2,0.0
Midwest,Housing,0.0,0.0,0.036,0.2,0.728
Midwest,Crime,0.0,0.0,0.0141,0.2,0.856
South,Economic,0.0,0.0,0.0686,0.2,0.83
South,Education,0.169,0.0779,0.3318,0.2,0.002
South,Health,0.831,0.6652,0.9119,0.2,0.0
South,Housing,0.0,0.0,0.005,0.2,0.964
South,Crime,0.0,0.0,0.0234,0.2,0.782
Pacific Northwest,Economic,0.3601,0.0,0.7478,0.2,0.146
Pacific Northwest,Education,0.4569,0.0,0.9069,0.2,0.066
Pacific Northwest,Health,0.1831,0.0,0.7712,0.2,0.348
Pacific Northwest,Housing,0.0,0.0,0.0,0.2,0.998
Pacific Northwest,Crime,0.0,0.0,0.1356,0.2,0.812
California,Economic,0.0,0.0,0.6937,0.2,0.558
California,Education,0.1509,0.0,0.6724,0.2,0.05
California,Health,0.8491,0.0,0.961,0.2,0.03
California,Housing,0.0,0.0,0.1674,0.2,0.788
California,Crime,0.0,0.0,0.266,0.2,0.65
Mountain & Southwest,Economic,0.0,0.0,0.0617,0.2,0.952
Mountain & Southwest,Education,0.1741,0.0411,0.352,0.2,0.0
Mountain & Southwest,Health,0.8259,0.6028,0.9471,0.2,0.0
Mountain & Southwest,Housing,0.0,0.0,0.0,0.2,1.0
Mountain & Southwest,Crime,0.0,0.0,0.0628,0.2,0.59
National,Economic,0.0209,0.0,0.1374,0.2,0.424
National,Education,0.1339,0.078,0.2275,0.2,0.0
National,Health,0.8452,0.734,0.8908,0.2,0.0
National,Housing,0.0,0.0,0.0,0.2,1.0
National,Crime,0.0,0.0,0.0143,0.2,0.764
