region,schools,spearman,mean_rank_change,mean_abs_rank_change,share_moving_10_or_more
Northeast,3303.0,0.9038,4.132,10.4773,0.4281
Midwest,6947.0,0.718,3.889,14.9472,0.5566
South,7614.0,0.6445,-4.0477,14.6773,0.5256
Pacific Northwest,1138.0,0.7452,0.4123,12.1704,0.4569
California,2221.0,0.7963,-4.3932,13.5405,0.4957
Mountain & Southwest,2048.0,0.7033,0.3425,15.6865,0.5732
Alaska,76.0,0.8033,-24.835,26.1217,0.8553
Hawaii,43.0,0.4134,14.6218,19.4984,0.7442
All schools,23390.0,0.7861,0.0,14.0688,0.5205
