variant,region,domain,coef,ci_low,ci_high,p_value,n_schools,r2_within_state
"Main: state FE, cohorts 16+",Northeast,Economic,-1.1373,-2.3409,0.0663,0.064,2676,0.0935
"Main: state FE, cohorts 16+",Northeast,Education,-1.8329,-3.1646,-0.5013,0.007,2676,0.0935
"Main: state FE, cohorts 16+",Northeast,Health,-1.3128,-2.0332,-0.5923,0.0004,2676,0.0935
"Main: state FE, cohorts 16+",Northeast,Housing,0.1614,-0.4564,0.7791,0.6087,2676,0.0935
"Main: state FE, cohorts 16+",Northeast,Crime,-1.0543,-2.3169,0.2084,0.1017,2676,0.0935
"Main: state FE, cohorts 16+",Midwest,Economic,-1.2956,-2.5326,-0.0586,0.0401,3804,0.0972
"Main: state FE, cohorts 16+",Midwest,Education,-1.6291,-3.4806,0.2224,0.0846,3804,0.0972
"Main: state FE, cohorts 16+",Midwest,Health,-4.6624,-5.5377,-3.787,0.0,3804,0.0972
"Main: state FE, cohorts 16+",Midwest,Housing,0.2157,-0.3512,0.7825,0.4558,3804,0.0972
"Main: state FE, cohorts 16+",Midwest,Crime,0.4237,-0.246,1.0935,0.215,3804,0.0972
"Main: state FE, cohorts 16+",South,Economic,0.2992,-0.3422,0.9406,0.3606,6034,0.0458
"Main: state FE, cohorts 16+",South,Education,-1.4089,-2.5981,-0.2198,0.0202,6034,0.0458
"Main: state FE, cohorts 16+",South,Health,-3.4455,-4.1878,-2.7032,0.0,6034,0.0458
"Main: state FE, cohorts 16+",South,Housing,0.4449,-0.0393,0.9291,0.0717,6034,0.0458
"Main: state FE, cohorts 16+",South,Crime,0.201,-0.335,0.7371,0.4624,6034,0.0458
"Main: state FE, cohorts 16+",Mountain,Economic,2.641,0.279,5.0029,0.0284,1359,0.092
"Main: state FE, cohorts 16+",Mountain,Education,-3.4777,-5.9255,-1.0299,0.0054,1359,0.092
"Main: state FE, cohorts 16+",Mountain,Health,-6.9088,-9.8684,-3.9493,0.0,1359,0.092
"Main: state FE, cohorts 16+",Mountain,Housing,3.2134,2.1264,4.3004,0.0,1359,0.092
"Main: state FE, cohorts 16+",Mountain,Crime,0.3985,-1.3218,2.1188,0.6498,1359,0.092
"Main: state FE, cohorts 16+",Pacific Northwest,Economic,-2.1305,-5.1477,0.8867,0.1664,744,0.0284
"Main: state FE, cohorts 16+",Pacific Northwest,Education,-3.3567,-8.8758,2.1624,0.2332,744,0.0284
"Main: state FE, cohorts 16+",Pacific Northwest,Health,-0.9231,-6.559,4.7128,0.7482,744,0.0284
"Main: state FE, cohorts 16+",Pacific Northwest,Housing,2.8863,0.6065,5.1662,0.0131,744,0.0284
"Main: state FE, cohorts 16+",Pacific Northwest,Crime,-0.0066,-3.4355,3.4222,0.997,744,0.0284
"Main: state FE, cohorts 16+",California,Economic,0.1601,-1.7606,2.0808,0.8702,1840,0.0095
"Main: state FE, cohorts 16+",California,Education,-0.5811,-1.3355,0.1732,0.1311,1840,0.0095
"Main: state FE, cohorts 16+",California,Health,-1.6264,-3.3616,0.1088,0.0662,1840,0.0095
"Main: state FE, cohorts 16+",California,Housing,0.441,-0.706,1.5879,0.4511,1840,0.0095
"Main: state FE, cohorts 16+",California,Crime,0.6286,-2.3199,3.5771,0.676,1840,0.0095
"Precise rates only (range <= 5 points, cohorts 61+)",Northeast,Economic,-1.4504,-2.4679,-0.4329,0.0052,2272,0.0964
"Precise rates only (range <= 5 points, cohorts 61+)",Northeast,Education,-1.0591,-2.0977,-0.0206,0.0456,2272,0.0964
"Precise rates only (range <= 5 points, cohorts 61+)",Northeast,Health,-1.2938,-1.8938,-0.6937,0.0,2272,0.0964
"Precise rates only (range <= 5 points, cohorts 61+)",Northeast,Housing,-0.1743,-0.6442,0.2955,0.4671,2272,0.0964
"Precise rates only (range <= 5 points, cohorts 61+)",Northeast,Crime,-0.8645,-2.0727,0.3437,0.1608,2272,0.0964
"Precise rates only (range <= 5 points, cohorts 61+)",Midwest,Economic,-1.2757,-2.663,0.1115,0.0715,2711,0.1125
"Precise rates only (range <= 5 points, cohorts 61+)",Midwest,Education,-1.8201,-3.7921,0.1519,0.0705,2711,0.1125
"Precise rates only (range <= 5 points, cohorts 61+)",Midwest,Health,-3.8178,-4.6867,-2.9489,0.0,2711,0.1125
"Precise rates only (range <= 5 points, cohorts 61+)",Midwest,Housing,-0.1882,-0.7268,0.3504,0.4934,2711,0.1125
"Precise rates only (range <= 5 points, cohorts 61+)",Midwest,Crime,0.2938,-0.4101,0.9978,0.4133,2711,0.1125
"Precise rates only (range <= 5 points, cohorts 61+)",South,Economic,0.389,-0.293,1.0709,0.2636,4778,0.0654
"Precise rates only (range <= 5 points, cohorts 61+)",South,Education,-1.5206,-2.5672,-0.4739,0.0044,4778,0.0654
"Precise rates only (range <= 5 points, cohorts 61+)",South,Health,-3.4268,-4.1273,-2.7262,0.0,4778,0.0654
"Precise rates only (range <= 5 points, cohorts 61+)",South,Housing,0.2763,-0.1779,0.7305,0.2331,4778,0.0654
"Precise rates only (range <= 5 points, cohorts 61+)",South,Crime,-0.1361,-0.7872,0.515,0.682,4778,0.0654
"Precise rates only (range <= 5 points, cohorts 61+)",Mountain,Economic,2.6488,0.4149,4.8827,0.0201,909,0.0957
"Precise rates only (range <= 5 points, cohorts 61+)",Mountain,Education,-4.8832,-7.5701,-2.1964,0.0004,909,0.0957
"Precise rates only (range <= 5 points, cohorts 61+)",Mountain,Health,-4.4518,-7.5637,-1.3398,0.0051,909,0.0957
"Precise rates only (range <= 5 points, cohorts 61+)",Mountain,Housing,3.0499,1.8157,4.284,0.0,909,0.0957
"Precise rates only (range <= 5 points, cohorts 61+)",Mountain,Crime,-0.5443,-2.5586,1.47,0.5964,909,0.0957
"Precise rates only (range <= 5 points, cohorts 61+)",Pacific Northwest,Economic,0.1424,-3.2825,3.5673,0.9351,512,0.0344
"Precise rates only (range <= 5 points, cohorts 61+)",Pacific Northwest,Education,-4.7621,-9.6732,0.1489,0.0574,512,0.0344
"Precise rates only (range <= 5 points, cohorts 61+)",Pacific Northwest,Health,-0.3831,-5.6096,4.8434,0.8858,512,0.0344
"Precise rates only (range <= 5 points, cohorts 61+)",Pacific Northwest,Housing,1.3918,-0.6022,3.3859,0.1713,512,0.0344
"Precise rates only (range <= 5 points, cohorts 61+)",Pacific Northwest,Crime,-2.8634,-7.7232,1.9963,0.2482,512,0.0344
"Precise rates only (range <= 5 points, cohorts 61+)",California,Economic,0.8299,-1.0915,2.7514,0.3972,1443,0.0153
"Precise rates only (range <= 5 points, cohorts 61+)",California,Education,-0.7714,-1.7791,0.2363,0.1335,1443,0.0153
"Precise rates only (range <= 5 points, cohorts 61+)",California,Health,-2.1085,-3.8653,-0.3517,0.0187,1443,0.0153
"Precise rates only (range <= 5 points, cohorts 61+)",California,Housing,0.205,-1.2204,1.6303,0.7781,1443,0.0153
"Precise rates only (range <= 5 points, cohorts 61+)",California,Crime,0.3234,-2.643,3.2898,0.8308,1443,0.0153
No state fixed effects,Northeast,Economic,-1.3173,-2.6963,0.0617,0.0612,2676,0.0646
No state fixed effects,Northeast,Education,-1.7822,-3.0771,-0.4874,0.007,2676,0.0646
No state fixed effects,Northeast,Health,-1.0633,-1.846,-0.2807,0.0077,2676,0.0646
No state fixed effects,Northeast,Housing,0.1733,-0.439,0.7855,0.5791,2676,0.0646
No state fixed effects,Northeast,Crime,-0.0848,-1.7864,1.6169,0.9222,2676,0.0646
No state fixed effects,Midwest,Economic,-0.3364,-2.1701,1.4973,0.7192,3804,-0.0121
No state fixed effects,Midwest,Education,-1.624,-3.7062,0.4581,0.1263,3804,-0.0121
No state fixed effects,Midwest,Health,-5.2335,-6.5637,-3.9033,0.0,3804,-0.0121
No state fixed effects,Midwest,Housing,0.0903,-0.8443,1.0249,0.8498,3804,-0.0121
No state fixed effects,Midwest,Crime,2.364,1.1626,3.5654,0.0001,3804,-0.0121
No state fixed effects,South,Economic,0.6507,0.036,1.2653,0.038,6034,0.0041
No state fixed effects,South,Education,-1.0473,-1.8727,-0.2218,0.0129,6034,0.0041
No state fixed effects,South,Health,-3.3182,-4.0408,-2.5957,0.0,6034,0.0041
No state fixed effects,South,Housing,0.3387,-0.1814,0.8588,0.2018,6034,0.0041
No state fixed effects,South,Crime,0.0538,-0.4623,0.5699,0.8382,6034,0.0041
No state fixed effects,Mountain,Economic,2.4765,-0.8045,5.7575,0.139,1359,0.0378
No state fixed effects,Mountain,Education,-4.9838,-8.3111,-1.6566,0.0033,1359,0.0378
No state fixed effects,Mountain,Health,-5.4642,-8.2613,-2.6672,0.0001,1359,0.0378
No state fixed effects,Mountain,Housing,2.7131,1.3809,4.0453,0.0001,1359,0.0378
No state fixed effects,Mountain,Crime,-1.103,-3.5461,1.3401,0.3762,1359,0.0378
No state fixed effects,Pacific Northwest,Economic,-2.1236,-5.0666,0.8193,0.1573,744,0.0201
No state fixed effects,Pacific Northwest,Education,-3.9783,-9.6591,1.7025,0.1699,744,0.0201
No state fixed effects,Pacific Northwest,Health,-0.1637,-5.5321,5.2046,0.9523,744,0.0201
No state fixed effects,Pacific Northwest,Housing,3.1506,1.3809,4.9203,0.0005,744,0.0201
No state fixed effects,Pacific Northwest,Crime,-0.4367,-3.0952,2.2218,0.7475,744,0.0201
No state fixed effects,California,Economic,0.1601,-1.758,2.0782,0.8701,1840,0.0095
No state fixed effects,California,Education,-0.5811,-1.3345,0.1722,0.1306,1840,0.0095
No state fixed effects,California,Health,-1.6264,-3.3593,0.1065,0.0658,1840,0.0095
No state fixed effects,California,Housing,0.441,-0.7045,1.5864,0.4505,1840,0.0095
No state fixed effects,California,Crime,0.6286,-2.3159,3.5732,0.6756,1840,0.0095
"All non-suppressed rates, 50-point bins included",Northeast,Economic,-1.064,-2.2547,0.1266,0.0799,2705,0.0832
"All non-suppressed rates, 50-point bins included",Northeast,Education,-1.808,-3.0929,-0.5231,0.0058,2705,0.0832
"All non-suppressed rates, 50-point bins included",Northeast,Health,-1.2373,-1.992,-0.4826,0.0013,2705,0.0832
"All non-suppressed rates, 50-point bins included",Northeast,Housing,0.2823,-0.3241,0.8887,0.3615,2705,0.0832
"All non-suppressed rates, 50-point bins included",Northeast,Crime,-1.0472,-2.3017,0.2072,0.1018,2705,0.0832
"All non-suppressed rates, 50-point bins included",Midwest,Economic,-0.9192,-2.1921,0.3536,0.1569,4032,0.0873
"All non-suppressed rates, 50-point bins included",Midwest,Education,-1.7842,-3.6554,0.087,0.0616,4032,0.0873
"All non-suppressed rates, 50-point bins included",Midwest,Health,-4.7724,-5.6585,-3.8863,0.0,4032,0.0873
"All non-suppressed rates, 50-point bins included",Midwest,Housing,-0.0303,-0.6182,0.5576,0.9195,4032,0.0873
"All non-suppressed rates, 50-point bins included",Midwest,Crime,0.3725,-0.3448,1.0899,0.3087,4032,0.0873
"All non-suppressed rates, 50-point bins included",South,Economic,-0.0974,-0.8249,0.6301,0.7929,6236,0.0426
"All non-suppressed rates, 50-point bins included",South,Education,-1.0878,-2.2954,0.1197,0.0775,6236,0.0426
"All non-suppressed rates, 50-point bins included",South,Health,-3.5354,-4.3395,-2.7312,0.0,6236,0.0426
"All non-suppressed rates, 50-point bins included",South,Housing,0.713,0.2146,1.2113,0.005,6236,0.0426
"All non-suppressed rates, 50-point bins included",South,Crime,0.1311,-0.46,0.7222,0.6638,6236,0.0426
"All non-suppressed rates, 50-point bins included",Mountain,Economic,2.7838,0.4974,5.0701,0.017,1483,0.0846
"All non-suppressed rates, 50-point bins included",Mountain,Education,-4.019,-6.6141,-1.4239,0.0024,1483,0.0846
"All non-suppressed rates, 50-point bins included",Mountain,Health,-6.504,-9.242,-3.7659,0.0,1483,0.0846
"All non-suppressed rates, 50-point bins included",Mountain,Housing,2.7484,1.6191,3.8776,0.0,1483,0.0846
"All non-suppressed rates, 50-point bins included",Mountain,Crime,0.2614,-1.1976,1.7205,0.7254,1483,0.0846
"All non-suppressed rates, 50-point bins included",Pacific Northwest,Economic,-0.2982,-3.2646,2.6682,0.8438,810,0.0149
"All non-suppressed rates, 50-point bins included",Pacific Northwest,Education,-2.6587,-7.4445,2.1272,0.2762,810,0.0149
"All non-suppressed rates, 50-point bins included",Pacific Northwest,Health,-0.9953,-6.8151,4.8246,0.7375,810,0.0149
"All non-suppressed rates, 50-point bins included",Pacific Northwest,Housing,1.9239,-0.5923,4.44,0.134,810,0.0149
"All non-suppressed rates, 50-point bins included",Pacific Northwest,Crime,-1.9553,-5.0419,1.1313,0.2144,810,0.0149
"All non-suppressed rates, 50-point bins included",California,Economic,-0.4706,-2.5625,1.6214,0.6593,1955,0.009
"All non-suppressed rates, 50-point bins included",California,Education,-0.4554,-1.1112,0.2004,0.1735,1955,0.009
"All non-suppressed rates, 50-point bins included",California,Health,-1.3956,-3.3129,0.5216,0.1537,1955,0.009
"All non-suppressed rates, 50-point bins included",California,Housing,-0.0181,-1.2303,1.194,0.9766,1955,0.009
"All non-suppressed rates, 50-point bins included",California,Crime,0.3056,-2.9547,3.5659,0.8542,1955,0.009
