sample,n,n_counties,predictor,group,coef_points_per_sd,ci95_low,ci95_high,se,se_type,p,se_state_clustered,se_naive,vif
Main model,23082,3005,Unemployment,Economic,2.2892,1.7927,2.7856,0.2533,clustered by county,0.0000,0.2914,0.0529,1.2273
Main model,23082,3005,Poverty,Economic,2.4236,2.0837,2.7634,0.1734,clustered by county,0.0000,0.2509,0.0572,1.4371
Main model,23082,3005,Access to broadband internet,Economic,5.5008,4.7672,6.2345,0.3743,clustered by county,0.0000,0.5905,0.0642,1.8122
Main model,23082,3005,Single-parent households,Economic,0.1247,-0.3157,0.5651,0.2247,clustered by county,0.5789,0.3171,0.0775,2.6420
Main model,23082,3005,Access to healthcare,Health,0.9785,0.6340,1.3231,0.1758,clustered by county,0.0000,0.2499,0.0539,1.2743
Main model,23082,3005,SNAP recipients,Health,1.4180,1.0466,1.7893,0.1895,clustered by county,0.0000,0.3350,0.0561,1.3835
Main model,23082,3005,Low birth weight,Health,0.8493,0.3962,1.3025,0.2312,clustered by county,0.0002,0.4173,0.0711,2.2177
Main model,23082,3005,Housing vacancy rate,Housing,0.3568,0.0055,0.7082,0.1793,clustered by county,0.0465,0.1860,0.0596,1.5620
Main model,23082,3005,Housing affordability,Housing,-1.1753,-1.6260,-0.7245,0.2300,clustered by county,0.0000,0.2859,0.0634,1.7670
Main model,23082,3005,Linguistic isolation,Language,4.7886,4.0574,5.5198,0.3731,clustered by county,0.0000,0.4660,0.0632,1.7529
Main model,23082,3005,Gini index,Inequality,-1.5638,-2.0991,-1.0284,0.2731,clustered by county,0.0000,0.2740,0.0633,1.7626
Adding infant mortality and crime,14657,850,Unemployment,Economic,2.1038,1.2773,2.9303,0.4217,clustered by county,0.0000,0.4996,0.0736,1.3922
Adding infant mortality and crime,14657,850,Poverty,Economic,2.9689,2.5104,3.4275,0.2340,clustered by county,0.0000,0.2853,0.0794,1.6211
Adding infant mortality and crime,14657,850,Access to broadband internet,Economic,5.6710,4.7365,6.6055,0.4768,clustered by county,0.0000,0.5992,0.0839,1.8121
Adding infant mortality and crime,14657,850,Single-parent households,Economic,0.1188,-0.8421,1.0796,0.4902,clustered by county,0.8086,0.4401,0.1266,4.1208
Adding infant mortality and crime,14657,850,Access to healthcare,Health,0.9563,0.4776,1.4351,0.2442,clustered by county,0.0001,0.2839,0.0723,1.3436
Adding infant mortality and crime,14657,850,SNAP recipients,Health,1.4677,0.9226,2.0127,0.2781,clustered by county,0.0000,0.4562,0.0794,1.6214
Adding infant mortality and crime,14657,850,Low birth weight,Health,-0.9924,-1.7956,-0.1891,0.4098,clustered by county,0.0155,0.7789,0.1225,3.8575
Adding infant mortality and crime,14657,850,Infant mortality rate,Health,0.8284,0.0759,1.5809,0.3839,clustered by county,0.0310,0.4639,0.1220,3.8284
Adding infant mortality and crime,14657,850,Housing vacancy rate,Housing,0.1659,-0.3611,0.6929,0.2689,clustered by county,0.5373,0.2988,0.0776,1.5483
Adding infant mortality and crime,14657,850,Housing affordability,Housing,-0.5409,-1.1497,0.0679,0.3106,clustered by county,0.0816,0.2811,0.0813,1.6987
Adding infant mortality and crime,14657,850,Violent crime rate,Crime,0.5040,-0.3571,1.3650,0.4393,clustered by county,0.2513,0.5791,0.1077,2.9833
Adding infant mortality and crime,14657,850,Incarceration rate,Crime,1.0068,0.5685,1.4451,0.2236,clustered by county,0.0000,0.2216,0.0790,1.6031
Adding infant mortality and crime,14657,850,Linguistic isolation,Language,5.5253,4.6906,6.3600,0.4259,clustered by county,0.0000,0.4922,0.0886,2.0183
Adding infant mortality and crime,14657,850,Gini index,Inequality,-1.6836,-2.4119,-0.9553,0.3716,clustered by county,0.0000,0.3206,0.0870,1.9444
Main model on county means,3005,3005,Unemployment,Economic,2.1089,1.8649,2.3530,0.1245,"HC3 robust, one row per county",0.0000,,,
Main model on county means,3005,3005,Poverty,Economic,1.1820,0.9330,1.4309,0.1270,"HC3 robust, one row per county",0.0000,,,
Main model on county means,3005,3005,Access to broadband internet,Economic,3.6570,3.2896,4.0244,0.1875,"HC3 robust, one row per county",0.0000,,,
Main model on county means,3005,3005,Single-parent households,Economic,0.4396,0.1324,0.7468,0.1567,"HC3 robust, one row per county",0.0050,,,
Main model on county means,3005,3005,Access to healthcare,Health,0.9065,0.6727,1.1402,0.1193,"HC3 robust, one row per county",0.0000,,,
Main model on county means,3005,3005,SNAP recipients,Health,0.7468,0.5148,0.9789,0.1184,"HC3 robust, one row per county",0.0000,,,
Main model on county means,3005,3005,Low birth weight,Health,1.5837,1.2517,1.9156,0.1694,"HC3 robust, one row per county",0.0000,,,
Main model on county means,3005,3005,Housing vacancy rate,Housing,0.0234,-0.2141,0.2609,0.1212,"HC3 robust, one row per county",0.8471,,,
Main model on county means,3005,3005,Housing affordability,Housing,-1.7056,-1.9832,-1.4280,0.1416,"HC3 robust, one row per county",0.0000,,,
Main model on county means,3005,3005,Linguistic isolation,Language,1.8179,1.5450,2.0909,0.1393,"HC3 robust, one row per county",0.0000,,,
Main model on county means,3005,3005,Gini index,Inequality,-0.3886,-0.6202,-0.1569,0.1182,"HC3 robust, one row per county",0.0010,,,
