measure_a,measure_b,rho_school,ci95_low,ci95_high,n_schools,se_cluster_bootstrap,rho_between_counties,n_counties,rho_within_counties,n_within,county_level_measure,construction,strength,p_naive,q_bh_naive,p_clustered,q_bh_clustered,n_effective,min_detectable_rho,reliable,meaningful
Economic,Education,0.5574,0.5188,0.5939,23406,0.01982,0.6092,3163,0.5135,22822,False,independent,strong,0,0,5.347e-174,4.265e-173,23406,0.01831,True,True
Economic,Health,0.5295,0.4952,0.5564,23595,0.01632,0.4215,3167,0.3872,23009,False,independent,strong,0,0,5.625e-231,6.17e-230,23595,0.01824,True,True
Economic,Housing,0.1652,0.1119,0.2164,23404,0.02712,0.2236,3163,-0.01681,22820,False,independent,weak,8.277e-143,1.196e-142,1.119e-09,1.716e-09,23404,0.01831,True,False
Economic,Crime,0.5457,0.4986,0.5845,20376,0.02203,0.5623,2212,,0,True,independent,strong,0,0,1.712e-135,1.179e-134,2212,0.05954,True,True
Economic,Composite Score,0.7448,0.7211,0.7619,23595,0.01044,0.7103,3167,0.617,23009,False,domain in composite,strong,0,0,0,0,23595,0.01824,True,True
Economic,Gini index,0.2193,0.1537,0.282,23595,0.02863,0.3312,3167,,0,True,independent,weak,7.499e-255,1.297e-254,1.865e-14,3.193e-14,3167,0.04977,True,False
Economic,Unemployment,0.4569,0.419,0.4881,23595,0.01944,0.5344,3167,,0,True,indicator in its own domain,moderate,0,0,3.541e-122,2.181e-121,3167,0.04977,True,True
Economic,Poverty,0.721,0.702,0.7387,23402,0.01002,0.5885,3163,0.8998,22818,False,indicator in its own domain,strong,0,0,0,0,23402,0.01831,True,True
Economic,Access to broadband internet,0.6327,0.6128,0.6568,23404,0.01168,0.6686,3163,0.5246,22820,False,indicator in its own domain,strong,0,0,0,0,23404,0.01831,True,True
Economic,Single-parent households,0.5965,0.5493,0.6286,23387,0.01992,0.7197,3088,,0,True,indicator in its own domain,strong,0,0,4.31e-197,4.089e-196,3088,0.0504,True,True
Economic,Less than HS,0.6429,0.6122,0.6694,23406,0.01389,0.6723,3163,0.5451,22822,False,independent,strong,0,0,0,0,23406,0.01831,True,True
Economic,2-year college or higher,0.6759,0.6522,0.6966,23406,0.01086,0.6631,3163,0.5651,22822,False,independent,strong,0,0,0,0,23406,0.01831,True,True
Economic,Linguistic isolation,0.08452,0.02112,0.1516,23404,0.03192,-0.02832,3163,0.3062,22820,False,independent,negligible,2.264e-38,2.64e-38,0.008097,0.00941,23404,0.01831,True,False
Economic,Access to healthcare,0.2568,0.2111,0.2995,23402,0.02563,0.1092,3163,0.2656,22818,False,independent,weak,0,0,1.222e-23,2.585e-23,23402,0.01831,True,False
Economic,Infant mortality rate,0.4571,0.3753,0.5375,17973,0.04109,0.6396,1217,,0,True,independent,moderate,0,0,9.491e-29,2.432e-28,1217,0.08023,True,True
Economic,SNAP recipients,0.2228,0.1862,0.2647,23390,0.02086,0.08039,3163,0.268,22806,False,independent,weak,6.359e-261,1.11e-260,1.267e-26,2.887e-26,23390,0.01832,True,False
Economic,Low birth weight,0.4246,0.3716,0.4665,23287,0.02376,0.5194,3009,,0,True,independent,moderate,0,0,1.963e-71,9.186e-71,3009,0.05105,True,True
Economic,Lead exposure risk,0.4337,0.3692,0.4887,11509,0.03255,0.3458,937,0.3601,11446,False,independent,moderate,0,0,1.652e-40,5.27e-40,11509,0.02611,True,True
Economic,Housing vacancy rate,0.3242,0.2583,0.3759,23404,0.03025,0.31,3163,0.103,22820,False,independent,moderate,0,0,8.402e-27,1.94e-26,23404,0.01831,True,True
Economic,Housing affordability,-0.06758,-0.1261,-0.00146,23404,0.03293,0.1131,3163,0.0219,22820,False,independent,negligible,4.182e-25,4.72e-25,0.04017,0.04392,23404,0.01831,True,False
Economic,Park access,-0.01071,-0.1017,0.07682,11559,0.04889,0.193,947,-0.07381,11494,False,independent,negligible,0.2494,0.2508,0.8265,0.8313,11559,0.02606,False,False
Economic,Violent crime rate,0.5755,0.5236,0.6171,17716,0.02397,0.7403,1317,,0,True,independent,strong,0,0,2.185e-127,1.42e-126,1317,0.07713,True,True
Economic,Incarceration rate,0.371,0.2906,0.4505,18175,0.04343,0.4552,1945,,0,True,independent,moderate,0,0,1.31e-17,2.394e-17,1945,0.06349,True,True
Economic,2-year college,0.1024,0.05723,0.1418,23406,0.02282,0.2326,3163,0.03772,22822,False,independent,weak,1.232e-55,1.533e-55,7.147e-06,9.539e-06,23406,0.01831,True,False
Economic,4-year college,0.6618,0.6394,0.6813,23406,0.01091,0.6493,3163,0.5485,22822,False,independent,strong,0,0,0,0,23406,0.01831,True,True
Economic,Graduate or professional degree,0.5698,0.5383,0.5944,23406,0.01491,0.4593,3163,0.5134,22822,False,independent,strong,0,0,0,0,23406,0.01831,True,True
Education,Health,0.4208,0.381,0.4618,23406,0.02113,0.3701,3163,0.4534,22822,False,independent,moderate,0,0,2.816e-88,1.412e-87,23406,0.01831,True,True
Education,Housing,0.06861,0.01032,0.111,23404,0.02644,0.1269,3163,-0.06339,22820,False,independent,negligible,7.92e-26,8.968e-26,0.009451,0.01088,23404,0.01831,True,False
Education,Crime,0.2419,0.1872,0.2961,20201,0.02886,0.3966,2211,,0,True,independent,weak,8.403e-267,1.505e-266,5.293e-17,9.577e-17,2211,0.05955,True,False
Education,Composite Score,0.629,0.6018,0.6581,23406,0.01464,0.6366,3163,0.7334,22822,False,domain in composite,strong,0,0,0,0,23406,0.01831,True,True
Education,Gini index,0.2318,0.1673,0.3016,23406,0.03751,0.2576,3163,,0,True,independent,weak,4.75e-283,8.73e-283,6.451e-10,1.002e-09,3163,0.0498,True,False
Education,Unemployment,0.3255,0.2506,0.3917,23406,0.03781,0.3656,3163,,0,True,independent,moderate,0,0,7.37e-18,1.362e-17,3163,0.0498,True,True
Education,Poverty,0.3824,0.3483,0.4115,23402,0.01713,0.3478,3163,0.3637,22818,False,independent,moderate,0,0,1.871e-110,1.077e-109,23402,0.01831,True,True
Education,Access to broadband internet,0.3852,0.3355,0.4438,23404,0.02627,0.4603,3163,0.5431,22820,False,independent,moderate,0,0,1.129e-48,4.085e-48,23404,0.01831,True,True
Education,Single-parent households,0.317,0.2718,0.3622,23198,0.0228,0.4052,3084,,0,True,independent,moderate,0,0,6.206e-44,2.075e-43,3084,0.05043,True,True
Education,Less than HS,0.9087,0.8978,0.9184,23406,0.005377,0.909,3163,0.8831,22822,False,indicator in its own domain,strong,0,0,0,0,23406,0.01831,True,True
Education,2-year college or higher,0.6411,0.6057,0.6785,23406,0.0177,0.6675,3163,0.7528,22822,False,indicator in its own domain,strong,0,0,4.053e-287,5.472e-286,23406,0.01831,True,True
Education,Linguistic isolation,0.6225,0.5691,0.6677,23404,0.02674,0.4395,3163,0.7962,22820,False,indicator in its own domain,strong,0,0,6.736e-120,3.94e-119,23404,0.01831,True,True
Education,Access to healthcare,0.3333,0.2867,0.3866,23402,0.02721,0.2386,3163,0.3816,22818,False,independent,moderate,0,0,1.699e-34,5.011e-34,23402,0.01831,True,True
Education,Infant mortality rate,0.00778,-0.0894,0.1051,17824,0.05073,0.2655,1217,,0,True,independent,negligible,0.299,0.299,0.8781,0.8781,1217,0.08023,False,False
Education,SNAP recipients,0.2146,0.1755,0.247,23390,0.01971,0.1507,3163,0.1436,22806,False,independent,weak,9.859e-242,1.664e-241,1.318e-27,3.169e-27,23390,0.01832,True,False
Education,Low birth weight,0.1969,0.1394,0.2552,23098,0.0311,0.3869,3005,,0,True,independent,weak,1.454e-200,2.319e-200,2.429e-10,3.841e-10,3005,0.05109,True,False
Education,Lead exposure risk,0.3763,0.3089,0.4519,11509,0.03492,0.153,937,0.4916,11446,False,independent,moderate,0,0,4.515e-27,1.071e-26,11509,0.02611,True,True
Education,Housing vacancy rate,0.1056,0.02729,0.1789,23404,0.03974,0.1815,3163,0.1137,22820,False,independent,weak,5.675e-59,7.114e-59,0.007906,0.00925,23404,0.01831,True,False
Education,Housing affordability,0.2361,0.1747,0.3051,23404,0.03333,0.1814,3163,0.04817,22820,False,independent,weak,6.15e-294,1.161e-293,1.404e-12,2.357e-12,23404,0.01831,True,False
Education,Park access,-0.1763,-0.2579,-0.1039,11559,0.03953,0.05497,947,-0.1848,11494,False,independent,weak,2.608e-81,3.391e-81,8.232e-06,1.09e-05,11559,0.02606,True,False
Education,Violent crime rate,0.2788,0.2196,0.3265,17559,0.02697,0.4603,1317,,0,True,independent,weak,6.608e-311,1.325e-310,4.828e-25,1.059e-24,1317,0.07713,True,False
Education,Incarceration rate,0.1347,0.05074,0.2161,18020,0.04385,0.3369,1944,,0,True,independent,weak,9.756e-74,1.259e-73,0.002127,0.002548,1944,0.0635,True,False
Education,2-year college,0.2733,0.2172,0.3186,23406,0.02734,0.4011,3163,0.1941,22822,False,independent,weak,0,0,1.574e-23,3.309e-23,23406,0.01831,True,False
Education,4-year college,0.5608,0.5222,0.6052,23406,0.0201,0.5774,3163,0.7037,22822,False,independent,strong,0,0,2.094e-171,1.598e-170,23406,0.01831,True,True
Education,Graduate or professional degree,0.5331,0.4948,0.5688,23406,0.01753,0.4721,3163,0.6431,22822,False,independent,strong,0,0,3.265e-203,3.183e-202,23406,0.01831,True,True
Health,Housing,0.05494,0.009207,0.09823,23404,0.02368,0.09545,3163,-0.06868,22820,False,independent,negligible,4.05e-17,4.498e-17,0.0203,0.02277,23404,0.01831,True,False
Health,Crime,0.4998,0.4543,0.5369,20376,0.02126,0.4275,2212,,0,True,independent,moderate,0,0,3.395e-122,2.128e-121,2212,0.05954,True,True
Health,Composite Score,0.6515,0.6212,0.6728,23595,0.01372,0.555,3167,0.5883,23009,False,domain in composite,strong,0,0,0,0,23595,0.01824,True,True
Health,Gini index,0.2946,0.243,0.3413,23595,0.02628,0.2155,3167,,0,True,independent,weak,0,0,3.751e-29,9.68e-29,3167,0.04977,True,False
Health,Unemployment,0.1649,0.1161,0.2088,23595,0.02478,0.105,3167,,0,True,independent,weak,1.647e-143,2.389e-143,2.823e-11,4.587e-11,3167,0.04977,True,False
Health,Poverty,0.3317,0.3013,0.3623,23402,0.01595,0.3402,3163,0.3068,22818,False,independent,moderate,0,0,4.219e-96,2.278e-95,23402,0.01831,True,True
Health,Access to broadband internet,0.2856,0.2501,0.3184,23404,0.01895,0.1745,3163,0.3433,22820,False,independent,weak,0,0,2.504e-51,9.657e-51,23404,0.01831,True,False
Health,Single-parent households,0.5802,0.5399,0.6086,23387,0.0181,0.4965,3088,,0,True,independent,strong,0,0,2.014e-225,2.142e-224,3088,0.0504,True,True
Health,Less than HS,0.4812,0.4474,0.5176,23406,0.01776,0.4176,3163,0.4727,22822,False,independent,moderate,0,0,9.747e-162,7.279e-161,23406,0.01831,True,True
Health,2-year college or higher,0.3598,0.3213,0.3956,23406,0.0205,0.344,3163,0.3976,22822,False,independent,moderate,0,0,5.217e-69,2.348e-68,23406,0.01831,True,True
Health,Linguistic isolation,0.2162,0.1624,0.2767,23404,0.02776,0.09453,3163,0.3659,22820,False,independent,weak,1.417e-245,2.402e-245,6.877e-15,1.213e-14,23404,0.01831,True,False
Health,Access to healthcare,0.3284,0.282,0.3748,23402,0.02395,0.337,3163,0.3765,22818,False,indicator in its own domain,moderate,0,0,8.496e-43,2.787e-42,23402,0.01831,True,True
Health,Infant mortality rate,0.5679,0.4953,0.629,17973,0.03271,0.7773,1217,,0,True,indicator in its own domain,strong,0,0,1.58e-67,7.019e-67,1217,0.08023,True,True
Health,SNAP recipients,0.4293,0.3911,0.4703,23390,0.02082,0.574,3163,0.4676,22806,False,indicator in its own domain,moderate,0,0,1.807e-94,9.611e-94,23390,0.01832,True,True
Health,Low birth weight,0.6258,0.5897,0.6537,23287,0.01793,0.6682,3009,,0,True,indicator in its own domain,strong,0,0,5.42e-267,7.047e-266,3009,0.05105,True,True
Health,Lead exposure risk,0.7395,0.6942,0.78,11509,0.02212,0.5183,937,0.7928,11446,False,indicator in its own domain,strong,0,0,6.298e-245,7.369e-244,11509,0.02611,True,True
Health,Housing vacancy rate,0.07291,0.02921,0.111,23404,0.02231,-0.0268,3163,0.09343,22820,False,independent,negligible,5.8e-29,6.631e-29,0.001085,0.001337,23404,0.01831,True,False
Health,Housing affordability,0.1154,0.06235,0.1716,23404,0.02929,0.1494,3163,0.1348,22820,False,independent,weak,2.967e-70,3.801e-70,8.099e-05,0.0001041,23404,0.01831,True,False
Health,Park access,-0.1786,-0.2452,-0.09198,11559,0.03942,0.09573,947,-0.3838,11494,False,independent,weak,1.976e-83,2.579e-83,5.908e-06,7.946e-06,11559,0.02606,True,False
Health,Violent crime rate,0.5939,0.5385,0.6307,17716,0.02313,0.6617,1317,,0,True,independent,strong,0,0,2.171e-145,1.555e-144,1317,0.07713,True,True
Health,Incarceration rate,0.2713,0.1999,0.3475,18175,0.04048,0.3483,1945,,0,True,independent,weak,3.502e-304,6.944e-304,2.034e-11,3.352e-11,1945,0.06349,True,False
Health,2-year college,0.2803,0.2373,0.3195,23406,0.0212,0.3129,3163,0.1547,22822,False,independent,weak,0,0,6.408e-40,2.026e-39,23406,0.01831,True,False
Health,4-year college,0.3245,0.2879,0.362,23406,0.02057,0.311,3163,0.3855,22822,False,independent,moderate,0,0,4.856e-56,1.937e-55,23406,0.01831,True,True
Health,Graduate or professional degree,0.2244,0.1778,0.2678,23406,0.02393,0.1134,3163,0.3271,22822,False,independent,weak,6.218e-265,1.108e-264,6.759e-21,1.363e-20,23406,0.01831,True,False
Housing,Crime,0.2699,0.2083,0.3221,20199,0.0288,0.2409,2211,,0,True,independent,weak,0,0,7.303e-21,1.465e-20,2211,0.05955,True,False
Housing,Composite Score,0.4313,0.3778,0.4826,23404,0.02647,0.4402,3163,0.3979,22820,False,domain in composite,moderate,0,0,1.087e-59,4.54e-59,23404,0.01831,True,True
Housing,Gini index,0.0884,0.02221,0.1461,23404,0.03421,0.2541,3163,,0,True,independent,negligible,7.946e-42,9.391e-42,0.00976,0.01116,3163,0.0498,True,False
Housing,Unemployment,0.03916,-0.02969,0.1053,23404,0.03402,0.163,3163,,0,True,independent,negligible,2.069e-09,2.201e-09,0.2497,0.2624,3163,0.0498,False,False
Housing,Poverty,0.0494,0.01593,0.07921,23402,0.0159,-0.03223,3163,-0.02642,22818,False,independent,negligible,4.011e-14,4.359e-14,0.001896,0.002295,23402,0.01831,True,False
Housing,Access to broadband internet,0.2208,0.1706,0.2664,23404,0.02445,0.3291,3163,0.0119,22820,False,independent,weak,3.09e-256,5.369e-256,1.72e-19,3.299e-19,23404,0.01831,True,False
Housing,Single-parent households,0.1302,0.07599,0.1892,23196,0.02909,0.1511,3084,,0,True,independent,weak,3.178e-88,4.225e-88,7.61e-06,1.012e-05,3084,0.05043,True,False
Housing,Less than HS,0.1094,0.05805,0.1501,23404,0.02521,0.1605,3163,-0.04989,22820,False,independent,weak,2.981e-63,3.777e-63,1.422e-05,1.869e-05,23404,0.01831,True,False
Housing,2-year college or higher,0.1603,0.1122,0.2023,23404,0.02545,0.1518,3163,-0.03349,22820,False,independent,weak,1.39e-134,1.967e-134,2.952e-10,4.626e-10,23404,0.01831,True,False
Housing,Linguistic isolation,-0.08527,-0.1292,-0.04125,23404,0.02519,-0.05741,3163,-0.08534,22820,False,independent,negligible,5.019e-39,5.872e-39,0.0007124,0.0008805,23404,0.01831,True,False
Housing,Access to healthcare,0.2196,0.1833,0.2579,23402,0.01832,0.1609,3163,-0.008632,22818,False,independent,weak,1.34e-253,2.295e-253,4.039e-33,1.153e-32,23402,0.01831,True,False
Housing,Infant mortality rate,0.2082,0.1509,0.2656,17822,0.03151,0.2771,1217,,0,True,independent,weak,1.123e-173,1.7e-173,3.968e-11,6.419e-11,1217,0.08023,True,False
Housing,SNAP recipients,0.03781,0.00359,0.07421,23390,0.01809,-0.1264,3163,-0.01478,22806,False,independent,negligible,7.252e-09,7.667e-09,0.03662,0.0402,23390,0.01832,True,False
Housing,Low birth weight,0.1389,0.09248,0.1865,23096,0.02542,0.2019,3005,,0,True,independent,weak,6.783e-100,9.264e-100,4.635e-08,6.64e-08,3005,0.05109,True,False
Housing,Lead exposure risk,-0.3566,-0.4148,-0.2859,11509,0.03586,-0.02003,937,-0.3331,11446,False,independent,moderate,0,0,2.653e-23,5.542e-23,11509,0.02611,True,True
Housing,Housing vacancy rate,0.5411,0.4987,0.5823,23404,0.02245,0.769,3163,0.4236,22820,False,indicator in its own domain,strong,0,0,2.118e-128,1.403e-127,23404,0.01831,True,True
Housing,Housing affordability,-0.04271,-0.0915,0.003612,23404,0.02642,0.1014,3163,0.1079,22820,False,indicator in its own domain,negligible,6.279e-11,6.699e-11,0.106,0.1145,23404,0.01831,False,False
Housing,Park access,0.918,0.8953,0.933,11559,0.009668,0.6219,947,0.7558,11494,False,indicator in its own domain,strong,0,0,0,0,11559,0.02606,True,True
Housing,Violent crime rate,0.2169,0.148,0.2846,17557,0.03611,0.3623,1317,,0,True,independent,weak,5.667e-186,8.801e-186,1.891e-09,2.886e-09,1317,0.07713,True,False
Housing,Incarceration rate,0.2792,0.2138,0.3476,18018,0.03321,0.1765,1944,,0,True,independent,weak,0,0,4.239e-17,7.709e-17,1944,0.0635,True,False
Housing,2-year college,-0.03316,-0.07877,0.008578,23404,0.02371,0.08242,3163,-0.01035,22820,False,independent,negligible,3.891e-07,4.077e-07,0.162,0.1723,23404,0.01831,False,False
Housing,4-year college,0.1633,0.1174,0.2057,23404,0.02566,0.1162,3163,-0.02466,22820,False,independent,weak,1.713e-139,2.444e-139,1.977e-10,3.169e-10,23404,0.01831,True,False
Housing,Graduate or professional degree,0.1412,0.09473,0.1838,23404,0.02407,0.134,3163,-0.04325,22820,False,independent,weak,1.481e-104,2.039e-104,4.438e-09,6.714e-09,23404,0.01831,True,False
Crime,Composite Score,0.8208,0.7803,0.849,20376,0.01869,0.9197,2212,,0,True,domain in composite,strong,0,0,0,0,2212,0.05954,True,True
Crime,Gini index,0.2125,0.1044,0.2911,20376,0.04681,0.2344,2212,,0,True,independent,weak,1.172e-206,1.886e-206,5.667e-06,7.651e-06,2212,0.05954,True,False
Crime,Unemployment,0.1803,0.1039,0.2634,20376,0.04099,0.2197,2212,,0,True,independent,weak,2.022e-148,2.957e-148,1.094e-05,1.443e-05,2212,0.05954,True,False
Crime,Poverty,0.2298,0.1875,0.269,20197,0.02086,0.2863,2211,,0,True,independent,weak,3.556e-240,5.943e-240,3.246e-28,8.081e-28,2211,0.05955,True,False
Crime,Access to broadband internet,0.4724,0.4323,0.5106,20199,0.02028,0.5417,2211,,0,True,independent,moderate,0,0,4.27e-120,2.584e-119,2211,0.05955,True,True
Crime,Single-parent households,0.5758,0.5106,0.6247,20376,0.03184,0.4181,2212,,0,True,independent,strong,0,0,4.402e-73,2.117e-72,2212,0.05954,True,True
Crime,Less than HS,0.3444,0.288,0.3906,20201,0.02783,0.5062,2211,,0,True,independent,moderate,0,0,3.603e-35,1.072e-34,2211,0.05955,True,True
Crime,2-year college or higher,0.4394,0.3854,0.4857,20201,0.02708,0.5517,2211,,0,True,independent,moderate,0,0,3.412e-59,1.409e-58,2211,0.05955,True,True
Crime,Linguistic isolation,-0.1378,-0.1907,-0.07828,20199,0.02967,-0.2001,2211,,0,True,independent,weak,3.802e-86,4.999e-86,3.432e-06,4.705e-06,2211,0.05955,True,False
Crime,Access to healthcare,0.2868,0.228,0.3357,20197,0.02648,0.1667,2211,,0,True,independent,weak,0,0,2.485e-27,5.933e-27,2211,0.05955,True,False
Crime,Infant mortality rate,0.6858,0.6333,0.7283,17364,0.02329,0.6498,1153,,0,True,independent,strong,0,0,1.378e-190,1.24e-189,1153,0.08243,True,True
Crime,SNAP recipients,0.1505,0.1005,0.2037,20185,0.02623,0.1279,2211,,0,True,independent,weak,1.387e-102,1.902e-102,9.582e-09,1.419e-08,2211,0.05955,True,False
Crime,Low birth weight,0.5726,0.5145,0.6149,20362,0.02588,0.494,2200,,0,True,independent,strong,0,0,1.673e-108,9.47e-108,2200,0.0597,True,True
Crime,Lead exposure risk,0.186,0.07104,0.2754,11135,0.05246,0.206,824,,0,True,independent,weak,3.399e-87,4.486e-87,0.0003932,0.0004946,824,0.09747,True,False
Crime,Housing vacancy rate,0.4349,0.3837,0.4767,20199,0.02432,0.3996,2211,,0,True,independent,moderate,0,0,1.569e-71,7.443e-71,2211,0.05955,True,True
Crime,Housing affordability,-0.2153,-0.2892,-0.1451,20199,0.03682,-0.1016,2211,,0,True,independent,weak,1.449e-210,2.366e-210,4.97e-09,7.486e-09,2211,0.05955,True,False
Crime,Park access,0.162,0.05278,0.2734,11182,0.06256,0.3189,832,,0,True,independent,weak,1.165e-66,1.482e-66,0.009593,0.011,832,0.097,True,False
Crime,Violent crime rate,0.8682,0.8377,0.8884,17716,0.0137,0.8607,1317,,0,True,indicator in its own domain,strong,0,0,0,0,1317,0.07713,True,True
Crime,Incarceration rate,0.8082,0.7323,0.8654,18175,0.03799,0.9271,1945,,0,True,indicator in its own domain,strong,0,0,1.889e-100,1.036e-99,1945,0.06349,True,True
Crime,2-year college,0.05855,-0.02305,0.1202,20201,0.03653,0.199,2211,,0,True,independent,negligible,8.232e-17,9.086e-17,0.109,0.1173,2211,0.05955,False,False
Crime,4-year college,0.4413,0.3917,0.4893,20201,0.02679,0.5356,2211,,0,True,independent,moderate,0,0,5.475e-61,2.315e-60,2211,0.05955,True,True
Crime,Graduate or professional degree,0.3644,0.3042,0.4188,20201,0.02928,0.4452,2211,,0,True,independent,moderate,0,0,1.514e-35,4.58e-35,2211,0.05955,True,True
Composite Score,Gini index,0.3344,0.2759,0.3888,23595,0.03232,0.3646,3167,,0,True,independent,moderate,0,0,4.372e-25,9.65e-25,3167,0.04977,True,True
Composite Score,Unemployment,0.3401,0.2689,0.3859,23595,0.02913,0.384,3167,,0,True,indicator in composite (via its domain),moderate,0,0,1.734e-31,4.682e-31,3167,0.04977,True,True
Composite Score,Poverty,0.4136,0.3792,0.4429,23402,0.01679,0.3317,3163,0.4915,22818,False,indicator in composite (via its domain),moderate,0,0,5.944e-134,4.012e-133,23402,0.01831,True,True
Composite Score,Access to broadband internet,0.5294,0.5009,0.5608,23404,0.0166,0.5401,3163,0.5203,22820,False,indicator in composite (via its domain),strong,0,0,2.904e-223,2.912e-222,23404,0.01831,True,True
Composite Score,Single-parent households,0.6255,0.5828,0.6569,23387,0.01954,0.568,3088,,0,True,indicator in composite (via its domain),strong,0,0,7.584e-225,7.83e-224,3088,0.0504,True,True
Composite Score,Less than HS,0.6886,0.6656,0.7103,23406,0.01123,0.7056,3163,0.7049,22822,False,indicator in composite (via its domain),strong,0,0,0,0,23406,0.01831,True,True
Composite Score,2-year college or higher,0.6097,0.5807,0.6407,23406,0.01589,0.5902,3163,0.6232,22822,False,indicator in composite (via its domain),strong,0,0,0,0,23406,0.01831,True,True
Composite Score,Linguistic isolation,0.2199,0.1586,0.2795,23404,0.03292,0.065,3163,0.567,22820,False,indicator in composite (via its domain),weak,2.919e-254,5.022e-254,2.379e-11,3.884e-11,23404,0.01831,True,False
Composite Score,Access to healthcare,0.3704,0.3228,0.4127,23402,0.0238,0.2161,3163,0.3785,22818,False,indicator in composite (via its domain),moderate,0,0,1.275e-54,5.029e-54,23402,0.01831,True,True
Composite Score,Infant mortality rate,0.5154,0.4115,0.5944,17973,0.04654,0.6611,1217,,0,True,indicator in composite (via its domain),strong,0,0,1.678e-28,4.238e-28,1217,0.08023,True,True
Composite Score,SNAP recipients,0.2545,0.2197,0.288,23390,0.01945,0.1596,3163,0.2803,22806,False,indicator in composite (via its domain),weak,0,0,3.985e-39,1.238e-38,23390,0.01832,True,False
Composite Score,Low birth weight,0.5518,0.4961,0.5947,23287,0.02541,0.6085,3009,,0,True,indicator in composite (via its domain),strong,0,0,1.626e-104,9.061e-104,3009,0.05105,True,True
Composite Score,Lead exposure risk,0.3787,0.3069,0.4428,11509,0.03583,0.2721,937,0.46,11446,False,indicator in composite (via its domain),moderate,0,0,4.187e-26,9.483e-26,11509,0.02611,True,True
Composite Score,Housing vacancy rate,0.3937,0.3232,0.4498,23404,0.03302,0.4073,3163,0.3011,22820,False,indicator in composite (via its domain),moderate,0,0,8.827e-33,2.479e-32,23404,0.01831,True,True
Composite Score,Housing affordability,0.04993,-0.01193,0.1124,23404,0.03203,0.189,3163,0.09777,22820,False,indicator in composite (via its domain),negligible,2.124e-14,2.315e-14,0.119,0.1278,23404,0.01831,False,False
Composite Score,Park access,0.1827,0.08895,0.2707,11559,0.04963,0.3508,947,0.04982,11494,False,indicator in composite (via its domain),weak,2.452e-87,3.248e-87,0.0002315,0.0002923,11559,0.02606,True,False
Composite Score,Violent crime rate,0.7593,0.7176,0.7919,17716,0.01832,0.8581,1317,,0,True,indicator in composite (via its domain),strong,0,0,0,0,1317,0.07713,True,True
Composite Score,Incarceration rate,0.6152,0.5321,0.6904,18175,0.04356,0.825,1945,,0,True,indicator in composite (via its domain),strong,0,0,2.767e-45,9.522e-45,1945,0.06349,True,True
Composite Score,2-year college,0.2261,0.1587,0.2674,23406,0.02856,0.36,3163,0.1488,22822,False,independent,weak,5.008e-269,9.06e-269,2.421e-15,4.291e-15,23406,0.01831,True,False
Composite Score,4-year college,0.5681,0.5376,0.5994,23406,0.01714,0.5344,3163,0.5947,22822,False,independent,strong,0,0,6.18e-241,6.997e-240,23406,0.01831,True,True
Composite Score,Graduate or professional degree,0.4792,0.4427,0.5159,23406,0.02004,0.3597,3163,0.5337,22822,False,independent,moderate,0,0,2.088e-126,1.333e-125,23406,0.01831,True,True
Gini index,Unemployment,0.234,0.1267,0.3305,23595,0.0519,0.2273,3167,,0,True,independent,weak,9.419e-291,1.768e-290,6.559e-06,8.787e-06,3167,0.04977,True,False
Gini index,Poverty,-0.05542,-0.1058,-0.01301,23402,0.02313,-0.006238,3163,,0,True,independent,negligible,2.164e-17,2.411e-17,0.01658,0.01871,3163,0.0498,True,False
Gini index,Access to broadband internet,0.03267,-0.02126,0.08046,23404,0.02861,0.2561,3163,,0,True,independent,negligible,5.764e-07,5.986e-07,0.2535,0.2656,3163,0.0498,False,False
Gini index,Single-parent households,0.5135,0.4665,0.5617,23387,0.02534,0.4081,3088,,0,True,independent,strong,0,0,2.588e-91,1.336e-90,3088,0.0504,True,True
Gini index,Less than HS,0.2242,0.17,0.2846,23406,0.03048,0.3202,3163,,0,True,independent,weak,2.378e-264,4.216e-264,1.914e-13,3.23e-13,3163,0.0498,True,False
Gini index,2-year college or higher,-0.07539,-0.1352,-0.01957,23406,0.02945,0.07297,3163,,0,True,independent,negligible,7.373e-31,8.513e-31,0.01046,0.01188,3163,0.0498,True,False
Gini index,Linguistic isolation,0.3409,0.2636,0.411,23404,0.03967,0.1004,3163,,0,True,independent,moderate,0,0,8.418e-18,1.547e-17,3163,0.0498,True,True
Gini index,Access to healthcare,-0.03286,-0.09177,0.02578,23402,0.03141,-0.02856,3163,,0,True,independent,negligible,4.945e-07,5.15e-07,0.2954,0.3086,3163,0.0498,False,False
Gini index,Infant mortality rate,0.02192,-0.1212,0.1715,17973,0.07428,0.2208,1217,,0,True,independent,negligible,0.003291,0.003387,0.7679,0.779,1217,0.08023,False,False
Gini index,SNAP recipients,-0.1351,-0.1825,-0.09016,23390,0.02554,-0.1257,3163,,0,True,independent,weak,1.002e-95,1.363e-95,1.218e-07,1.737e-07,3163,0.0498,True,False
Gini index,Low birth weight,0.3825,0.3089,0.4474,23287,0.03794,0.3655,3009,,0,True,independent,moderate,0,0,6.547e-24,1.41e-23,3009,0.05105,True,True
Gini index,Lead exposure risk,0.3748,0.2876,0.4455,11509,0.04017,0.3346,937,,0,True,independent,moderate,0,0,1.059e-20,2.099e-20,937,0.09141,True,True
Gini index,Housing vacancy rate,0.03634,-0.04199,0.1021,23404,0.04148,0.2225,3163,,0,True,independent,negligible,2.684e-08,2.829e-08,0.381,0.3957,3163,0.0498,False,False
Gini index,Housing affordability,0.4463,0.3721,0.5116,23404,0.03684,0.3884,3163,,0,True,independent,moderate,0,0,8.913e-34,2.607e-33,3163,0.0498,True,True
Gini index,Park access,-0.3408,-0.4399,-0.2401,11559,0.05238,-0.1946,947,,0,True,independent,moderate,0,0,7.758e-11,1.249e-10,947,0.09093,True,True
Gini index,Violent crime rate,0.4092,0.3107,0.4866,17716,0.04589,0.4076,1317,,0,True,independent,moderate,0,0,4.761e-19,9.032e-19,1317,0.07713,True,True
Gini index,Incarceration rate,-0.08511,-0.1939,0.04225,18175,0.05982,0.1421,1945,,0,True,independent,negligible,1.407e-30,1.619e-30,0.1548,0.1657,1945,0.06349,False,False
Gini index,2-year college,0.3646,0.3043,0.4144,23406,0.02823,0.2123,3163,,0,True,independent,moderate,0,0,3.689e-38,1.136e-37,3163,0.0498,True,True
Gini index,4-year college,-0.09697,-0.1545,-0.03919,23406,0.02864,0.07423,3163,,0,True,independent,negligible,5.182e-50,6.294e-50,0.0007097,0.0008802,3163,0.0498,True,False
Gini index,Graduate or professional degree,-0.1688,-0.2326,-0.1136,23406,0.02968,-0.03696,3163,,0,True,independent,weak,4.054e-149,5.978e-149,1.296e-08,1.895e-08,3163,0.0498,True,False
Unemployment,Poverty,0.09581,0.05722,0.1286,23402,0.01919,0.05689,3163,,0,True,same domain,negligible,7.512e-49,9.03e-49,5.925e-07,8.253e-07,3163,0.0498,True,False
Unemployment,Access to broadband internet,0.1324,0.076,0.1902,23404,0.02895,0.2426,3163,,0,True,same domain,weak,4.592e-92,6.223e-92,4.747e-06,6.458e-06,3163,0.0498,True,False
Unemployment,Single-parent households,0.3231,0.2565,0.3807,23387,0.0322,0.3386,3088,,0,True,same domain,moderate,0,0,1.07e-23,2.275e-23,3088,0.0504,True,True
Unemployment,Less than HS,0.3243,0.2626,0.3734,23406,0.02927,0.3735,3163,,0,True,independent,moderate,0,0,1.541e-28,3.92e-28,3163,0.0498,True,True
Unemployment,2-year college or higher,0.285,0.2321,0.3264,23406,0.02422,0.3764,3163,,0,True,independent,weak,0,0,5.733e-32,1.572e-31,3163,0.0498,True,False
Unemployment,Linguistic isolation,0.1639,0.05057,0.2624,23404,0.0516,-0.0239,3163,,0,True,independent,weak,1.159e-140,1.661e-140,0.001489,0.001815,3163,0.0498,True,False
Unemployment,Access to healthcare,-0.08119,-0.1403,-0.02219,23402,0.03105,-0.07286,3163,,0,True,independent,negligible,1.57e-35,1.825e-35,0.008917,0.01033,3163,0.0498,True,False
Unemployment,Infant mortality rate,0.02018,-0.1191,0.1693,17973,0.0724,0.1877,1217,,0,True,independent,negligible,0.006809,0.006988,0.7804,0.7894,1217,0.08023,False,False
Unemployment,SNAP recipients,-0.0238,-0.07449,0.02182,23390,0.02588,-0.1303,3163,,0,True,independent,negligible,0.0002731,0.000282,0.3578,0.3727,3163,0.0498,False,False
Unemployment,Low birth weight,0.1691,0.08829,0.2455,23287,0.03961,0.2874,3009,,0,True,independent,weak,5.152e-149,7.567e-149,1.952e-05,2.547e-05,3009,0.05105,True,False
Unemployment,Lead exposure risk,0.2839,0.175,0.3717,11509,0.05382,0.2388,937,,0,True,independent,weak,2.518e-212,4.13e-212,1.324e-07,1.874e-07,937,0.09141,True,False
Unemployment,Housing vacancy rate,0.05105,-0.03623,0.129,23404,0.042,0.1891,3163,,0,True,independent,negligible,5.542e-15,6.059e-15,0.2242,0.2371,3163,0.0498,False,False
Unemployment,Housing affordability,0.2234,0.1191,0.3119,23404,0.04919,0.22,3163,,0,True,independent,weak,2.108e-262,3.7e-262,5.617e-06,7.612e-06,3163,0.0498,True,False
Unemployment,Park access,-0.1646,-0.2859,-0.03884,11559,0.06318,-0.07008,947,,0,True,independent,weak,5.575e-71,7.168e-71,0.009189,0.01061,947,0.09093,True,False
Unemployment,Violent crime rate,0.2741,0.1783,0.3424,17716,0.04327,0.2984,1317,,0,True,independent,weak,9.843e-303,1.919e-302,2.403e-10,3.816e-10,1317,0.07713,True,False
Unemployment,Incarceration rate,0.01888,-0.09317,0.1473,18175,0.06258,0.1564,1945,,0,True,independent,negligible,0.0109,0.01115,0.7628,0.7761,1945,0.06349,False,False
Unemployment,2-year college,0.1863,0.1267,0.2409,23406,0.02946,0.1903,3163,,0,True,independent,weak,8.248e-182,1.275e-181,2.534e-10,3.988e-10,3163,0.0498,True,False
Unemployment,4-year college,0.2747,0.2227,0.3208,23406,0.02688,0.3838,3163,,0,True,independent,weak,0,0,1.631e-24,3.533e-24,3163,0.0498,True,False
Unemployment,Graduate or professional degree,0.191,0.1389,0.2338,23406,0.02488,0.1898,3163,,0,True,independent,weak,3.542e-191,5.55e-191,1.622e-14,2.792e-14,3163,0.0498,True,False
Poverty,Access to broadband internet,0.2636,0.2375,0.289,23402,0.01354,0.2356,3163,0.1845,22818,False,same domain,weak,0,0,2.389e-84,1.165e-83,23402,0.01831,True,False
Poverty,Single-parent households,0.1443,0.1012,0.1848,23194,0.02076,0.2065,3084,,0,True,same domain,weak,3.434e-108,4.765e-108,3.562e-12,5.926e-12,3084,0.05043,True,False
Poverty,Less than HS,0.4226,0.393,0.4468,23402,0.01471,0.352,3163,0.3752,22818,False,independent,moderate,0,0,1.336e-181,1.144e-180,23402,0.01831,True,True
Poverty,2-year college or higher,0.4763,0.4432,0.5107,23402,0.01658,0.391,3163,0.4034,22818,False,independent,moderate,0,0,1.685e-181,1.408e-180,23402,0.01831,True,True
Poverty,Linguistic isolation,0.09314,0.04388,0.1339,23402,0.02308,0.04869,3163,0.233,22818,False,independent,negligible,2.968e-46,3.531e-46,5.438e-05,7.017e-05,23402,0.01831,True,False
Poverty,Access to healthcare,0.2686,0.233,0.3071,23402,0.01909,0.1997,3163,0.1817,22818,False,independent,weak,0,0,5.791e-45,1.955e-44,23402,0.01831,True,False
Poverty,Infant mortality rate,0.2045,0.1541,0.2534,17820,0.02561,0.3388,1217,,0,True,independent,weak,1.367e-167,2.051e-167,1.379e-15,2.458e-15,1217,0.08023,True,False
Poverty,SNAP recipients,0.4321,0.4015,0.4586,23390,0.01488,0.3588,3163,0.3677,22806,False,independent,moderate,0,0,2.379e-185,2.087e-184,23390,0.01832,True,True
Poverty,Low birth weight,0.1101,0.07472,0.1417,23094,0.0175,0.1544,3005,,0,True,independent,weak,3.323e-63,4.195e-63,3.138e-10,4.896e-10,3005,0.05109,True,False
Poverty,Lead exposure risk,0.07723,0.02147,0.1312,11509,0.02999,0.002937,937,0.1518,11446,False,independent,negligible,1.075e-16,1.183e-16,0.01003,0.01143,11509,0.02611,True,False
Poverty,Housing vacancy rate,0.04784,0.00673,0.08163,23402,0.01979,-0.001656,3163,-0.04697,22818,False,independent,negligible,2.43e-13,2.632e-13,0.01563,0.01769,23402,0.01831,True,False
Poverty,Housing affordability,-0.108,-0.1548,-0.06754,23402,0.02273,-0.08667,3163,-0.02472,22818,False,independent,weak,1.279e-61,1.609e-61,2.038e-06,2.805e-06,23402,0.01831,True,False
Poverty,Park access,0.1446,0.08655,0.2185,11559,0.03437,0.2459,947,0.04337,11494,False,independent,weak,5.107e-55,6.334e-55,2.6e-05,3.368e-05,11559,0.02606,True,False
Poverty,Violent crime rate,0.22,0.1722,0.2687,17555,0.02442,0.3696,1317,,0,True,independent,weak,2.352e-191,3.702e-191,2.093e-19,3.992e-19,1317,0.07713,True,False
Poverty,Incarceration rate,0.1956,0.1429,0.2431,18016,0.02531,0.254,1944,,0,True,independent,weak,8.655e-155,1.287e-154,1.103e-14,1.926e-14,1944,0.0635,True,False
Poverty,2-year college,-0.01151,-0.06364,0.02696,23402,0.02274,0.08239,3163,-0.04291,22818,False,independent,negligible,0.07841,0.07931,0.613,0.6291,23402,0.01831,False,False
Poverty,4-year college,0.4458,0.4119,0.4798,23402,0.01713,0.3671,3163,0.3893,22818,False,independent,moderate,0,0,2.797e-149,2.045e-148,23402,0.01831,True,True
Poverty,Graduate or professional degree,0.4567,0.4237,0.4876,23402,0.01628,0.3284,3163,0.3919,22818,False,independent,moderate,0,0,3.194e-173,2.491e-172,23402,0.01831,True,True
Access to broadband internet,Single-parent households,0.2492,0.2054,0.2917,23196,0.02186,0.2941,3084,,0,True,same domain,weak,0,0,4.16e-30,1.09e-29,3084,0.05043,True,False
Access to broadband internet,Less than HS,0.5046,0.4632,0.5494,23404,0.02166,0.5436,3163,0.5954,22820,False,independent,strong,0,0,4.546e-120,2.704e-119,23404,0.01831,True,True
Access to broadband internet,2-year college or higher,0.6942,0.6708,0.7188,23404,0.01291,0.6612,3163,0.5902,22820,False,independent,strong,0,0,0,0,23404,0.01831,True,True
Access to broadband internet,Linguistic isolation,-0.1993,-0.2337,-0.1468,23404,0.02204,-0.2139,3163,0.304,22820,False,independent,weak,2.357e-208,3.829e-208,1.483e-19,2.86e-19,23404,0.01831,True,False
Access to broadband internet,Access to healthcare,0.2823,0.2446,0.3166,23402,0.01895,0.1763,3163,0.2998,22818,False,independent,weak,0,0,3.472e-50,1.325e-49,23402,0.01831,True,False
Access to broadband internet,Infant mortality rate,0.4531,0.4028,0.498,17822,0.02628,0.6028,1217,,0,True,independent,moderate,0,0,1.386e-66,6.007e-66,1217,0.08023,True,True
Access to broadband internet,SNAP recipients,-0.06505,-0.103,-0.0264,23390,0.02056,-0.1261,3163,-0.07893,22806,False,independent,negligible,2.315e-23,2.605e-23,0.001558,0.001893,23390,0.01832,True,False
Access to broadband internet,Low birth weight,0.2333,0.185,0.2639,23096,0.02116,0.3392,3005,,0,True,independent,weak,4.405e-283,8.138e-283,2.906e-28,7.286e-28,3005,0.05109,True,False
Access to broadband internet,Lead exposure risk,0.5872,0.5439,0.6244,11509,0.02084,0.2926,937,0.6177,11446,False,independent,strong,0,0,1.258e-174,1.027e-173,11509,0.02611,True,True
Access to broadband internet,Housing vacancy rate,0.6398,0.5999,0.6674,23404,0.01867,0.5533,3163,0.3555,22820,False,independent,strong,0,0,3.217e-257,4.033e-256,23404,0.01831,True,True
Access to broadband internet,Housing affordability,-0.3514,-0.3979,-0.3025,23404,0.0249,-0.1585,3163,0.09214,22820,False,independent,moderate,0,0,3.14e-45,1.07e-44,23404,0.01831,True,True
Access to broadband internet,Park access,-0.04678,-0.1126,0.02638,11559,0.0376,0.4208,947,-0.2783,11494,False,independent,negligible,4.866e-07,5.083e-07,0.2135,0.2264,11559,0.02606,False,False
Access to broadband internet,Violent crime rate,0.376,0.3211,0.4312,17557,0.02817,0.5937,1317,,0,True,independent,moderate,0,0,1.172e-40,3.774e-40,1317,0.07713,True,True
Access to broadband internet,Incarceration rate,0.4315,0.3779,0.4744,18018,0.02489,0.4571,1944,,0,True,independent,moderate,0,0,2.684e-67,1.178e-66,1944,0.0635,True,True
Access to broadband internet,2-year college,-0.04517,-0.08515,-0.004509,23404,0.02046,0.0997,3163,0.1797,22820,False,independent,negligible,4.708e-12,5.054e-12,0.02724,0.03035,23404,0.01831,True,False
Access to broadband internet,4-year college,0.7091,0.6869,0.7313,23404,0.01167,0.6445,3163,0.5794,22820,False,independent,strong,0,0,0,0,23404,0.01831,True,True
Access to broadband internet,Graduate or professional degree,0.6341,0.608,0.6576,23404,0.01307,0.5837,3163,0.4828,22820,False,independent,strong,0,0,0,0,23404,0.01831,True,True
Single-parent households,Less than HS,0.3599,0.3177,0.3998,23198,0.02022,0.4686,3084,,0,True,independent,moderate,0,0,7.33e-71,3.385e-70,3084,0.05043,True,True
Single-parent households,2-year college or higher,0.2359,0.1838,0.281,23198,0.02607,0.3469,3084,,0,True,independent,weak,9.643e-291,1.8e-290,1.464e-19,2.838e-19,3084,0.05043,True,False
Single-parent households,Linguistic isolation,0.1747,0.1216,0.2314,23196,0.0307,0.04031,3084,,0,True,independent,weak,1.98e-158,2.957e-158,1.258e-08,1.847e-08,3084,0.05043,True,False
Single-parent households,Access to healthcare,0.09472,0.03001,0.1476,23194,0.0308,-0.007894,3084,,0,True,independent,negligible,2.266e-47,2.706e-47,0.0021,0.002524,3084,0.05043,True,False
Single-parent households,Infant mortality rate,0.5273,0.4269,0.6211,17973,0.04926,0.5726,1217,,0,True,independent,strong,0,0,9.613e-27,2.205e-26,1217,0.08023,True,True
Single-parent households,SNAP recipients,0.04364,-0.002642,0.0977,23182,0.02478,0.07227,3084,,0,True,independent,negligible,2.996e-11,3.206e-11,0.07826,0.08504,3084,0.05043,False,False
Single-parent households,Low birth weight,0.6758,0.6343,0.7064,23287,0.01992,0.5867,3009,,0,True,independent,strong,0,0,3.024e-252,3.66e-251,3009,0.05105,True,True
Single-parent households,Lead exposure risk,0.4142,0.3424,0.4793,11509,0.03769,0.3893,937,,0,True,independent,moderate,0,0,4.224e-28,1.03e-27,937,0.09141,True,True
Single-parent households,Housing vacancy rate,0.1558,0.09892,0.2125,23196,0.02768,0.09395,3084,,0,True,independent,weak,6.303e-126,8.815e-126,1.825e-08,2.659e-08,3084,0.05043,True,False
Single-parent households,Housing affordability,0.1831,0.1165,0.2445,23196,0.03343,0.321,3084,,0,True,independent,weak,4.547e-174,6.909e-174,4.318e-08,6.211e-08,3084,0.05043,True,False
Single-parent households,Park access,-0.1265,-0.2376,-0.02023,11559,0.05478,-0.03006,947,,0,True,independent,weak,1.788e-42,2.12e-42,0.02089,0.02336,947,0.09093,True,False
Single-parent households,Violent crime rate,0.7509,0.6775,0.7937,17716,0.03027,0.7478,1317,,0,True,independent,strong,0,0,7.719e-136,5.419e-135,1317,0.07713,True,True
Single-parent households,Incarceration rate,0.2708,0.1826,0.3656,18175,0.0529,0.3062,1945,,0,True,independent,weak,7.732e-303,1.516e-302,3.088e-07,4.335e-07,1945,0.06349,True,False
Single-parent households,2-year college,0.2266,0.1805,0.2694,23198,0.02459,0.2702,3084,,0,True,independent,weak,6.459e-268,1.163e-267,3.048e-20,6.01e-20,3084,0.05043,True,False
Single-parent households,4-year college,0.2377,0.1886,0.2825,23198,0.02687,0.3544,3084,,0,True,independent,weak,2.539e-295,4.817e-295,8.942e-19,1.678e-18,3084,0.05043,True,False
Single-parent households,Graduate or professional degree,0.1009,0.04474,0.1479,23198,0.02659,0.1005,3084,,0,True,independent,weak,1.335e-53,1.638e-53,0.0001465,0.0001863,3084,0.05043,True,False
Less than HS,2-year college or higher,0.729,0.7065,0.7478,23406,0.01021,0.7074,3163,0.7725,22822,False,same domain,strong,0,0,0,0,23406,0.01831,True,True
Less than HS,Linguistic isolation,0.4218,0.3614,0.4795,23404,0.03069,0.2229,3163,0.5925,22820,False,same domain,moderate,0,0,5.614e-43,1.859e-42,23404,0.01831,True,True
Less than HS,Access to healthcare,0.3543,0.3116,0.3994,23402,0.02482,0.2166,3163,0.3888,22818,False,independent,moderate,0,0,3.103e-46,1.089e-45,23402,0.01831,True,True
Less than HS,Infant mortality rate,0.1315,0.028,0.2228,17824,0.04812,0.4173,1217,,0,True,independent,weak,1.29e-69,1.647e-69,0.006271,0.007361,1217,0.08023,True,False
Less than HS,SNAP recipients,0.2142,0.1784,0.2452,23390,0.01853,0.133,3163,0.1272,22806,False,independent,weak,8.185e-241,1.375e-240,6.768e-31,1.8e-30,23390,0.01832,True,False
Less than HS,Low birth weight,0.2711,0.206,0.3281,23098,0.02904,0.4928,3005,,0,True,independent,weak,0,0,1.012e-20,2.019e-20,3005,0.05109,True,False
Less than HS,Lead exposure risk,0.4376,0.3854,0.4961,11509,0.0296,0.1621,937,0.5525,11446,False,independent,moderate,0,0,1.811e-49,6.622e-49,11509,0.02611,True,True
Less than HS,Housing vacancy rate,0.2075,0.1271,0.2757,23404,0.0403,0.2321,3163,0.1568,22820,False,independent,weak,6.728e-226,1.109e-225,2.634e-07,3.714e-07,23404,0.01831,True,False
Less than HS,Housing affordability,0.1522,0.09624,0.2149,23404,0.03111,0.1914,3163,0.0765,22820,False,independent,weak,2.543e-121,3.541e-121,9.949e-07,1.38e-06,23404,0.01831,True,False
Less than HS,Park access,-0.134,-0.2128,-0.06418,11559,0.03839,0.1635,947,-0.2071,11494,False,independent,weak,1.753e-47,2.1e-47,0.0004796,0.000599,11559,0.02606,True,False
Less than HS,Violent crime rate,0.3473,0.2977,0.3881,17559,0.02423,0.5783,1317,,0,True,independent,moderate,0,0,1.31e-46,4.693e-46,1317,0.07713,True,True
Less than HS,Incarceration rate,0.2373,0.1586,0.318,18020,0.04161,0.4335,1944,,0,True,independent,weak,4.365e-229,7.226e-229,1.183e-08,1.745e-08,1944,0.0635,True,False
Less than HS,2-year college,0.2773,0.2267,0.3197,23406,0.02578,0.4246,3163,0.2131,22822,False,independent,weak,0,0,5.546e-27,1.306e-26,23406,0.01831,True,False
Less than HS,4-year college,0.6619,0.6375,0.6864,23406,0.01246,0.6416,3163,0.73,22822,False,independent,strong,0,0,0,0,23406,0.01831,True,True
Less than HS,Graduate or professional degree,0.5938,0.5643,0.6183,23406,0.01311,0.4562,3163,0.6521,22822,False,independent,strong,0,0,0,0,23406,0.01831,True,True
2-year college or higher,Linguistic isolation,-0.05453,-0.1284,0.01113,23404,0.03257,-0.203,3163,0.3443,22820,False,same domain,negligible,6.916e-17,7.658e-17,0.0941,0.1019,23404,0.01831,False,False
2-year college or higher,Access to healthcare,0.3474,0.3096,0.3859,23402,0.01978,0.229,3163,0.3316,22818,False,independent,moderate,0,0,4.542e-69,2.071e-68,23402,0.01831,True,True
2-year college or higher,Infant mortality rate,0.3479,0.2715,0.4141,17824,0.03599,0.5476,1217,,0,True,independent,moderate,0,0,4.171e-22,8.513e-22,1217,0.08023,True,True
2-year college or higher,SNAP recipients,0.2294,0.1903,0.2677,23390,0.02231,0.1155,3163,0.1886,22806,False,independent,weak,7.106e-277,1.299e-276,8.359e-25,1.822e-24,23390,0.01832,True,False
2-year college or higher,Low birth weight,0.1934,0.1449,0.2301,23098,0.02215,0.3786,3005,,0,True,independent,weak,1.511e-193,2.389e-193,2.522e-18,4.709e-18,3005,0.05109,True,False
2-year college or higher,Lead exposure risk,0.3395,0.2731,0.4048,11509,0.03611,0.1542,937,0.4434,11446,False,independent,moderate,2.603e-308,5.19e-308,5.37e-21,1.09e-20,11509,0.02611,True,True
2-year college or higher,Housing vacancy rate,0.3949,0.32,0.4481,23404,0.03281,0.3505,3163,0.1489,22820,False,independent,moderate,0,0,2.259e-33,6.5e-33,23404,0.01831,True,True
2-year college or higher,Housing affordability,-0.271,-0.3337,-0.2131,23404,0.02991,-0.1985,3163,-0.05691,22820,False,independent,weak,0,0,1.306e-19,2.546e-19,23404,0.01831,True,False
2-year college or higher,Park access,0.1255,0.03616,0.2123,11559,0.04437,0.4528,947,-0.08909,11494,False,independent,weak,7.992e-42,9.414e-42,0.004664,0.005493,11559,0.02606,True,False
2-year college or higher,Violent crime rate,0.3424,0.2813,0.4078,17559,0.03109,0.5436,1317,,0,True,independent,moderate,0,0,3.272e-28,8.087e-28,1317,0.07713,True,True
2-year college or higher,Incarceration rate,0.4207,0.3412,0.4826,18020,0.03382,0.5098,1944,,0,True,independent,moderate,0,0,1.608e-35,4.825e-35,1944,0.0635,True,True
2-year college or higher,2-year college,0.03783,-0.03438,0.0952,23406,0.03229,0.3337,3163,0.02904,22822,False,nested attainment measures,negligible,7.05e-09,7.476e-09,0.2413,0.2544,23406,0.01831,False,False
2-year college or higher,4-year college,0.9587,0.9545,0.962,23406,0.001784,0.9375,3163,0.9416,22822,False,nested attainment measures,strong,0,0,0,0,23406,0.01831,True,True
2-year college or higher,Graduate or professional degree,0.9083,0.8964,0.9176,23406,0.005369,0.7635,3163,0.9126,22822,False,nested attainment measures,strong,0,0,0,0,23406,0.01831,True,True
Linguistic isolation,Access to healthcare,0.1269,0.07394,0.2046,23402,0.03288,0.1477,3163,0.2996,22818,False,independent,weak,1.254e-84,1.642e-84,0.0001133,0.0001446,23402,0.01831,True,False
Linguistic isolation,Infant mortality rate,-0.3564,-0.4275,-0.2686,17822,0.04005,-0.3244,1217,,0,True,independent,moderate,0,0,5.575e-19,1.052e-18,1217,0.08023,True,True
Linguistic isolation,SNAP recipients,0.1299,0.07755,0.1742,23390,0.02561,0.1535,3163,0.1066,22806,False,independent,weak,1.733e-88,2.313e-88,3.959e-07,5.537e-07,23390,0.01832,True,False
Linguistic isolation,Low birth weight,0.01401,-0.05212,0.07429,23096,0.03265,-0.0669,3005,,0,True,independent,negligible,0.03326,0.03394,0.6679,0.6835,3005,0.05109,False,False
Linguistic isolation,Lead exposure risk,0.2395,0.153,0.3226,11509,0.04536,-0.00517,937,0.3855,11446,False,independent,weak,7.321e-150,1.084e-149,1.285e-07,1.826e-07,11509,0.02611,True,False
Linguistic isolation,Housing vacancy rate,-0.3161,-0.3607,-0.28,23404,0.02206,-0.2181,3163,0.001798,22820,False,independent,moderate,0,0,1.521e-46,5.391e-46,23404,0.01831,True,True
Linguistic isolation,Housing affordability,0.5883,0.5492,0.6239,23404,0.01988,0.3449,3163,0.09844,22820,False,independent,strong,0,0,2.072e-192,1.914e-191,23404,0.01831,True,True
Linguistic isolation,Park access,-0.3618,-0.4226,-0.3025,11559,0.03448,-0.378,947,-0.1908,11494,False,independent,moderate,0,0,9.48e-26,2.119e-25,11559,0.02606,True,True
Linguistic isolation,Violent crime rate,0.03352,-0.04801,0.103,17557,0.0391,-0.1473,1317,,0,True,independent,negligible,8.878e-06,9.192e-06,0.3912,0.4051,1317,0.07713,False,False
Linguistic isolation,Incarceration rate,-0.2472,-0.3038,-0.1696,18018,0.03495,-0.1916,1944,,0,True,independent,weak,6.159e-249,1.049e-248,1.52e-12,2.541e-12,1944,0.0635,True,False
Linguistic isolation,2-year college,0.3897,0.3439,0.4342,23404,0.02418,0.1407,3163,0.2333,22820,False,independent,moderate,0,0,1.899e-58,7.75e-58,23404,0.01831,True,True
Linguistic isolation,4-year college,-0.1314,-0.1981,-0.07962,23404,0.02847,-0.2731,3163,0.3146,22820,False,independent,weak,1.234e-90,1.665e-90,3.913e-06,5.345e-06,23404,0.01831,True,False
Linguistic isolation,Graduate or professional degree,-0.1014,-0.1718,-0.04031,23404,0.0314,-0.1665,3163,0.2605,22820,False,independent,weak,1.502e-54,1.85e-54,0.001241,0.001523,23404,0.01831,True,False
Access to healthcare,Infant mortality rate,0.2269,0.1465,0.279,17820,0.03386,0.2179,1217,,0,True,same domain,weak,7.547e-207,1.221e-206,2.073e-11,3.4e-11,1217,0.08023,True,False
Access to healthcare,SNAP recipients,0.2568,0.2119,0.2918,23390,0.01948,0.24,3163,0.05479,22806,False,same domain,weak,0,0,1.132e-39,3.548e-39,23390,0.01832,True,False
Access to healthcare,Low birth weight,0.09781,0.04274,0.1439,23094,0.02656,-0.01216,3005,,0,True,same domain,negligible,3.388e-50,4.129e-50,0.0002311,0.0002923,3005,0.05109,True,False
Access to healthcare,Lead exposure risk,-0.07305,-0.1354,-0.008034,11509,0.03496,-0.1681,937,0.2928,11446,False,same domain,negligible,4.276e-15,4.69e-15,0.03665,0.0402,11509,0.02611,True,False
Access to healthcare,Housing vacancy rate,0.2378,0.1943,0.2782,23402,0.02213,0.1796,3163,0.09933,22818,False,independent,weak,4.424e-298,8.486e-298,6.438e-27,1.507e-26,23402,0.01831,True,False
Access to healthcare,Housing affordability,-0.1228,-0.1702,-0.06004,23402,0.02839,-0.1008,3163,0.001645,22818,False,independent,weak,2.725e-79,3.529e-79,1.526e-05,1.998e-05,23402,0.01831,True,False
Access to healthcare,Park access,0.2026,0.1366,0.2723,11559,0.03675,0.2734,947,-0.1068,11494,False,independent,weak,2.551e-107,3.525e-107,3.546e-08,5.122e-08,11559,0.02606,True,False
Access to healthcare,Violent crime rate,0.2172,0.1385,0.2806,17555,0.03542,0.1765,1317,,0,True,independent,weak,2.159e-186,3.368e-186,8.76e-10,1.355e-09,1317,0.07713,True,False
Access to healthcare,Incarceration rate,0.3223,0.2562,0.3659,18016,0.02866,0.1656,1944,,0,True,independent,moderate,0,0,2.396e-29,6.229e-29,1944,0.0635,True,True
Access to healthcare,2-year college,0.06231,0.008911,0.1228,23402,0.02641,0.1445,3163,0.08253,22818,False,independent,negligible,1.426e-21,1.599e-21,0.01831,0.0206,23402,0.01831,True,False
Access to healthcare,4-year college,0.3003,0.2643,0.3373,23402,0.02026,0.1554,3163,0.3105,22818,False,independent,moderate,0,0,1.045e-49,3.863e-49,23402,0.01831,True,True
Access to healthcare,Graduate or professional degree,0.3175,0.2784,0.3543,23402,0.01994,0.1889,3163,0.2884,22818,False,independent,moderate,0,0,4.478e-57,1.807e-56,23402,0.01831,True,True
Infant mortality rate,SNAP recipients,0.09289,0.02626,0.1578,17809,0.03234,0.06333,1217,,0,True,same domain,negligible,1.989e-35,2.304e-35,0.004079,0.004836,1217,0.08023,True,False
Infant mortality rate,Low birth weight,0.6204,0.5429,0.671,17973,0.03181,0.633,1217,,0,True,same domain,strong,0,0,1.05e-84,5.192e-84,1217,0.08023,True,True
Infant mortality rate,Lead exposure risk,0.1464,0.02173,0.268,11185,0.06693,0.2618,717,,0,True,same domain,weak,1.162e-54,1.436e-54,0.02867,0.03185,717,0.1045,True,False
Infant mortality rate,Housing vacancy rate,0.426,0.3629,0.4738,17822,0.02989,0.4876,1217,,0,True,independent,moderate,0,0,4.536e-46,1.576e-45,1217,0.08023,True,True
Infant mortality rate,Housing affordability,-0.448,-0.5279,-0.3351,17822,0.04878,-0.223,1217,,0,True,independent,moderate,0,0,4.209e-20,8.252e-20,1217,0.08023,True,True
Infant mortality rate,Park access,0.2306,0.1247,0.3339,11226,0.05933,0.3252,722,,0,True,independent,weak,2.286e-135,3.249e-135,0.0001017,0.0001302,722,0.1041,True,False
Infant mortality rate,Violent crime rate,0.6151,0.5257,0.6885,16697,0.04023,0.6643,1036,,0,True,independent,strong,0,0,9.124e-53,3.558e-52,1036,0.08695,True,True
Infant mortality rate,Incarceration rate,0.5153,0.4167,0.5937,15460,0.04684,0.49,967,,0,True,independent,strong,0,0,3.806e-28,9.343e-28,967,0.08999,True,True
Infant mortality rate,2-year college,-0.1488,-0.2392,-0.06195,17824,0.0462,-0.0361,1217,,0,True,independent,weak,1.011e-88,1.354e-88,0.001283,0.001569,1217,0.08023,True,False
Infant mortality rate,4-year college,0.3897,0.3255,0.4496,17824,0.03129,0.5686,1217,,0,True,independent,moderate,0,0,1.373e-35,4.192e-35,1217,0.08023,True,True
Infant mortality rate,Graduate or professional degree,0.3015,0.2271,0.3713,17824,0.03654,0.4764,1217,,0,True,independent,moderate,0,0,1.577e-16,2.838e-16,1217,0.08023,True,True
SNAP recipients,Low birth weight,0.04776,0.009367,0.09059,23082,0.02245,0.05228,3005,,0,True,same domain,negligible,3.89e-13,4.201e-13,0.03339,0.03685,3005,0.05109,True,False
SNAP recipients,Lead exposure risk,-0.3009,-0.3481,-0.2486,11505,0.02548,-0.2382,937,-0.1361,11442,False,same domain,moderate,2.303e-239,3.831e-239,3.62e-32,1.001e-31,11505,0.02612,True,True
SNAP recipients,Housing vacancy rate,-0.1652,-0.209,-0.124,23390,0.02124,-0.2287,3163,-0.2167,22806,False,independent,weak,1.084e-142,1.559e-142,7.48e-15,1.313e-14,23390,0.01832,True,False
SNAP recipients,Housing affordability,-0.07252,-0.1178,-0.02914,23390,0.0254,-0.05064,3163,-0.1078,22806,False,independent,negligible,1.188e-28,1.354e-28,0.004296,0.005078,23390,0.01832,True,False
SNAP recipients,Park access,0.3339,0.2801,0.4001,11555,0.03055,0.2068,947,0.2083,11490,False,independent,moderate,6.646e-299,1.289e-298,8.459e-28,2.048e-27,11555,0.02606,True,True
SNAP recipients,Violent crime rate,0.1009,0.03792,0.1631,17543,0.0331,0.06828,1317,,0,True,independent,weak,6.145e-41,7.214e-41,0.0023,0.002746,1317,0.07713,True,False
SNAP recipients,Incarceration rate,0.2043,0.144,0.2574,18007,0.027,0.1826,1944,,0,True,independent,weak,5.696e-169,8.58e-169,3.812e-14,6.495e-14,1944,0.0635,True,False
SNAP recipients,2-year college,-0.01376,-0.06301,0.03338,23390,0.02454,0.1202,3163,-0.1483,22806,False,independent,negligible,0.03528,0.03589,0.5749,0.5918,23390,0.01832,False,False
SNAP recipients,4-year college,0.1845,0.1376,0.2284,23390,0.02398,0.06492,3163,0.1805,22806,False,independent,weak,4.532e-178,6.916e-178,1.461e-14,2.526e-14,23390,0.01832,True,False
SNAP recipients,Graduate or professional degree,0.2289,0.1865,0.2698,23390,0.02315,0.06456,3163,0.2226,22806,False,independent,weak,1.273e-275,2.316e-275,4.829e-23,9.97e-23,23390,0.01832,True,False
Low birth weight,Lead exposure risk,0.2787,0.2057,0.3521,11501,0.04384,0.2154,929,,0,True,same domain,weak,3.278e-204,5.253e-204,2.057e-10,3.282e-10,929,0.09181,True,False
Low birth weight,Housing vacancy rate,0.1588,0.107,0.2066,23096,0.02592,0.1558,3005,,0,True,independent,weak,2.527e-130,3.563e-130,8.956e-10,1.379e-09,3005,0.05109,True,False
Low birth weight,Housing affordability,0.06938,-0.004672,0.145,23096,0.0378,0.258,3005,,0,True,independent,negligible,4.747e-26,5.392e-26,0.06642,0.07241,3005,0.05109,False,False
Low birth weight,Park access,-0.01158,-0.09286,0.0738,11550,0.04613,0.1463,938,,0,True,independent,negligible,0.2133,0.2151,0.8018,0.8087,938,0.09137,False,False
Low birth weight,Violent crime rate,0.671,0.5979,0.7256,17716,0.03336,0.7155,1317,,0,True,independent,strong,0,0,5.735e-90,2.918e-89,1317,0.07713,True,True
Low birth weight,Incarceration rate,0.3084,0.2249,0.3947,18161,0.0451,0.3961,1933,,0,True,independent,moderate,0,0,7.987e-12,1.322e-11,1933,0.06368,True,True
Low birth weight,2-year college,0.2256,0.1689,0.2755,23098,0.02789,0.3096,3005,,0,True,independent,weak,2.785e-264,4.913e-264,6.03e-16,1.08e-15,3005,0.05109,True,False
Low birth weight,4-year college,0.1941,0.1485,0.2342,23098,0.02234,0.3854,3005,,0,True,independent,weak,7.975e-195,1.267e-194,3.732e-18,6.931e-18,3005,0.05109,True,False
Low birth weight,Graduate or professional degree,0.05698,0.01162,0.09432,23098,0.02151,0.1158,3005,,0,True,independent,negligible,4.434e-18,4.956e-18,0.008059,0.009398,3005,0.05109,True,False
Lead exposure risk,Housing vacancy rate,0.3335,0.2401,0.4123,11509,0.04524,0.1743,937,0.3946,11446,False,independent,moderate,5.366e-297,1.024e-296,1.685e-13,2.858e-13,11509,0.02611,True,True
Lead exposure risk,Housing affordability,0.2378,0.1567,0.3216,11509,0.04929,0.04608,937,0.2236,11446,False,independent,weak,1.02e-147,1.485e-147,1.401e-06,1.936e-06,11509,0.02611,True,False
Lead exposure risk,Park access,-0.5261,-0.5799,-0.459,11509,0.03192,-0.3587,937,-0.5549,11446,False,independent,strong,0,0,4.909e-61,2.101e-60,11509,0.02611,True,True
Lead exposure risk,Violent crime rate,0.2693,0.1755,0.3533,10952,0.04665,0.2881,702,,0,True,independent,weak,2.763e-181,4.253e-181,7.795e-09,1.159e-08,702,0.1056,True,False
Lead exposure risk,Incarceration rate,-0.05283,-0.152,0.07902,10329,0.06382,0.08236,718,,0,True,independent,negligible,7.785e-08,8.181e-08,0.4078,0.421,718,0.1044,False,False
Lead exposure risk,2-year college,0.3368,0.2757,0.3934,11509,0.03223,0.04853,937,0.3682,11446,False,independent,moderate,3.825e-303,7.542e-303,1.478e-25,3.282e-25,11509,0.02611,True,True
Lead exposure risk,4-year college,0.3572,0.2952,0.4221,11509,0.03624,0.2136,937,0.4423,11446,False,independent,moderate,0,0,6.35e-23,1.303e-22,11509,0.02611,True,True
Lead exposure risk,Graduate or professional degree,0.2219,0.1493,0.3007,11509,0.03979,0.07275,937,0.3216,11446,False,independent,weak,2.479e-128,3.481e-128,2.463e-08,3.572e-08,11509,0.02611,True,False
Housing vacancy rate,Housing affordability,-0.3349,-0.3927,-0.2795,23404,0.02779,-0.1398,3163,0.1445,22820,False,same domain,moderate,0,0,1.903e-33,5.521e-33,23404,0.01831,True,True
Housing vacancy rate,Park access,0.06653,-0.03411,0.1646,11559,0.0472,0.4181,947,-0.2685,11494,False,same domain,negligible,8.095e-13,8.716e-13,0.1587,0.1693,11559,0.02606,False,False
Housing vacancy rate,Violent crime rate,0.3174,0.2483,0.3707,17557,0.03159,0.4946,1317,,0,True,independent,moderate,0,0,9.334e-24,1.998e-23,1317,0.07713,True,True
Housing vacancy rate,Incarceration rate,0.4357,0.378,0.4936,18018,0.02932,0.3181,1944,,0,True,independent,moderate,0,0,6.002e-50,2.265e-49,1944,0.0635,True,True
Housing vacancy rate,2-year college,-0.09591,-0.1539,-0.04424,23404,0.02734,0.004851,3163,0.2069,22820,False,independent,negligible,5.958e-49,7.187e-49,0.0004521,0.0005667,23404,0.01831,True,False
Housing vacancy rate,4-year college,0.4337,0.3698,0.4806,23404,0.02924,0.329,3163,0.1583,22820,False,independent,moderate,0,0,9.226e-50,3.445e-49,23404,0.01831,True,True
Housing vacancy rate,Graduate or professional degree,0.3683,0.3042,0.4208,23404,0.03134,0.3803,3163,0.0645,22820,False,independent,moderate,0,0,7.035e-32,1.914e-31,23404,0.01831,True,True
Housing affordability,Park access,-0.4421,-0.5278,-0.3612,11559,0.04203,-0.4921,947,-0.2453,11494,False,same domain,moderate,0,0,7.1e-26,1.598e-25,11559,0.02606,True,True
Housing affordability,Violent crime rate,-0.01398,-0.1061,0.07098,17557,0.04441,0.04811,1317,,0,True,independent,negligible,0.06399,0.06491,0.7529,0.7683,1317,0.07713,False,False
Housing affordability,Incarceration rate,-0.3687,-0.4398,-0.2897,18018,0.03722,-0.1418,1944,,0,True,independent,moderate,0,0,3.903e-23,8.106e-23,1944,0.0635,True,True
Housing affordability,2-year college,0.4389,0.3907,0.4755,23404,0.02141,0.2958,3163,0.1988,22820,False,independent,moderate,0,0,2.149e-93,1.126e-92,23404,0.01831,True,True
Housing affordability,4-year college,-0.315,-0.3647,-0.2688,23404,0.02652,-0.2133,3163,-0.05204,22820,False,independent,moderate,0,0,1.522e-32,4.239e-32,23404,0.01831,True,True
Housing affordability,Graduate or professional degree,-0.3592,-0.4254,-0.3006,23404,0.03005,-0.3589,3163,-0.12,22820,False,independent,moderate,0,0,6.167e-33,1.746e-32,23404,0.01831,True,True
Park access,Violent crime rate,0.01051,-0.1092,0.1289,10996,0.06268,0.2098,707,,0,True,independent,negligible,0.2703,0.2711,0.8668,0.8693,707,0.1052,False,False
Park access,Incarceration rate,0.3467,0.2201,0.451,10371,0.05969,0.373,725,,0,True,independent,moderate,1.241e-290,2.305e-290,6.348e-09,9.481e-09,725,0.1039,True,True
Park access,2-year college,-0.3822,-0.4539,-0.3245,11559,0.03288,-0.1319,947,-0.3119,11494,False,independent,moderate,0,0,3.071e-31,8.228e-31,11559,0.02606,True,True
Park access,4-year college,0.1399,0.05023,0.2272,11559,0.04529,0.4318,947,-0.08133,11494,False,independent,weak,1.318e-51,1.611e-51,0.002009,0.002423,11559,0.02606,True,False
Park access,Graduate or professional degree,0.1855,0.09316,0.2681,11559,0.04406,0.4737,947,-0.01327,11494,False,independent,weak,5.676e-90,7.634e-90,2.564e-05,3.333e-05,11559,0.02606,True,False
Violent crime rate,Incarceration rate,0.3555,0.2444,0.4584,15515,0.06112,0.4545,1050,,0,True,same domain,moderate,0,0,6.013e-09,9.02e-09,1050,0.08637,True,True
Violent crime rate,2-year college,0.1201,0.03122,0.1847,17559,0.04181,0.1267,1317,,0,True,independent,weak,1.981e-57,2.474e-57,0.004073,0.004836,1317,0.07713,True,False
Violent crime rate,4-year college,0.3457,0.2863,0.4105,17559,0.03224,0.5495,1317,,0,True,independent,moderate,0,0,7.856e-27,1.826e-26,1317,0.07713,True,True
Violent crime rate,Graduate or professional degree,0.2733,0.203,0.3454,17559,0.03548,0.4692,1317,,0,True,independent,weak,2.546e-298,4.911e-298,1.341e-14,2.33e-14,1317,0.07713,True,False
Incarceration rate,2-year college,-0.08336,-0.1534,-0.00954,18020,0.03836,0.1751,1944,,0,True,independent,negligible,3.698e-29,4.242e-29,0.02977,0.03296,1944,0.0635,True,False
Incarceration rate,4-year college,0.4242,0.3535,0.4814,18020,0.03139,0.4854,1944,,0,True,independent,moderate,0,0,1.276e-41,4.147e-41,1944,0.0635,True,True
Incarceration rate,Graduate or professional degree,0.3796,0.3086,0.4402,18020,0.03313,0.4004,1944,,0,True,independent,moderate,0,0,2.174e-30,5.738e-30,1944,0.0635,True,True
2-year college,4-year college,-0.096,-0.1567,-0.04774,23406,0.02818,0.1453,3163,-0.06661,22822,False,independent,negligible,4.777e-49,5.782e-49,0.0006581,0.0008191,23406,0.01831,True,False
2-year college,Graduate or professional degree,-0.1854,-0.2559,-0.1278,23406,0.03115,-0.08276,3163,-0.1708,22822,False,independent,weak,4.075e-180,6.246e-180,2.641e-09,4.013e-09,23406,0.01831,True,False
4-year college,Graduate or professional degree,0.8543,0.8389,0.8661,23406,0.006919,0.6875,3163,0.8132,22822,False,nested attainment measures,strong,0,0,0,0,23406,0.01831,True,True
