region,domain,share_of_composite_variance,ci_low,ci_high,domain_present,rank_in_region
Northeast,Economic,0.1637,0.1384,0.1916,1.0,3.0
Northeast,Education,0.3781,0.2653,0.4744,0.9936,1.0
Northeast,Health,0.1635,0.153,0.1791,1.0,4.0
Northeast,Housing,0.024,-0.0228,0.1048,0.9936,5.0
Northeast,Crime,0.2706,0.1708,0.3838,0.8828,2.0
Midwest,Economic,0.1004,0.0869,0.1119,1.0,5.0
Midwest,Education,0.1173,0.0815,0.1585,0.9963,4.0
Midwest,Health,0.1331,0.1159,0.147,1.0,2.0
Midwest,Housing,0.1227,0.0817,0.1659,0.9963,3.0
Midwest,Crime,0.5265,0.4917,0.5629,0.7177,1.0
South,Economic,0.1412,0.1337,0.1488,1.0,3.0
South,Education,0.1442,0.1027,0.189,0.9901,2.0
South,Health,0.1042,0.0944,0.1131,1.0,4.0
South,Housing,0.0964,0.0827,0.1102,0.9901,5.0
South,Crime,0.514,0.4687,0.5537,0.9694,1.0
Pacific Northwest,Economic,0.1392,0.1056,0.1705,1.0,4.0
Pacific Northwest,Education,0.2559,0.1861,0.3112,0.9772,2.0
Pacific Northwest,Health,0.1259,0.099,0.1633,1.0,5.0
Pacific Northwest,Housing,0.1869,0.0854,0.3234,0.9772,3.0
Pacific Northwest,Crime,0.2921,0.1164,0.4088,0.8735,1.0
California,Economic,0.1924,0.1655,0.2268,1.0,3.0
California,Education,0.4469,0.3319,0.556,0.9937,1.0
California,Health,0.1226,0.0952,0.1416,1.0,4.0
California,Housing,0.0391,0.0083,0.0894,0.9928,5.0
California,Crime,0.199,0.1154,0.2872,0.9977,2.0
Mountain & Southwest,Economic,0.1666,0.1463,0.185,1.0,3.0
Mountain & Southwest,Education,0.2424,0.1883,0.3041,0.9873,2.0
Mountain & Southwest,Health,0.0891,0.0671,0.1144,1.0,5.0
Mountain & Southwest,Housing,0.1163,0.0906,0.1451,0.9873,4.0
Mountain & Southwest,Crime,0.3856,0.3143,0.4496,0.8721,1.0
Alaska,Economic,0.2069,0.1582,0.3782,1.0,2.0
Alaska,Education,0.0943,0.0484,0.2364,0.9868,4.0
Alaska,Health,0.0931,0.0456,0.4098,1.0,5.0
Alaska,Housing,0.1406,0.0645,0.4347,0.9868,3.0
Alaska,Crime,0.4651,-0.3626,0.6282,0.7105,1.0
Puerto Rico,Economic,0.4278,0.3659,0.507,1.0,1.0
Puerto Rico,Education,0.247,0.1513,0.3174,1.0,3.0
Puerto Rico,Health,0.0334,-0.0398,0.0874,1.0,4.0
Puerto Rico,Housing,0.2918,0.2172,0.413,1.0,2.0
