pair,region,schools,spearman,ci_low,ci_high
Economic - Education,Northeast,3282,0.6397,0.537,0.7356
Economic - Health,Northeast,3303,0.5909,0.4749,0.6823
Economic - Housing,Northeast,3282,-0.1446,-0.3292,0.0549
Economic - Crime,Northeast,2916,0.5709,0.448,0.6564
Education - Health,Northeast,3282,0.5929,0.4848,0.6812
Education - Housing,Northeast,3282,-0.1971,-0.3646,-0.0118
Education - Crime,Northeast,2896,0.2306,0.0788,0.3592
Health - Housing,Northeast,3282,-0.223,-0.3584,-0.0759
Health - Crime,Northeast,2916,0.4484,0.3007,0.5555
Housing - Crime,Northeast,2896,-0.1097,-0.2378,0.0495
Economic - Education,Midwest,6921,0.5406,0.4963,0.5812
Economic - Health,Midwest,6947,0.464,0.3858,0.5336
Economic - Housing,Midwest,6921,0.1753,0.1041,0.2421
Economic - Crime,Midwest,4986,0.4829,0.399,0.5488
Education - Health,Midwest,6921,0.3974,0.33,0.4699
Education - Housing,Midwest,6921,0.1003,0.0089,0.1745
Education - Crime,Midwest,4963,0.3156,0.2325,0.388
Health - Housing,Midwest,6921,0.0528,-0.0267,0.1318
Health - Crime,Midwest,4986,0.4812,0.3878,0.5538
Housing - Crime,Midwest,4963,0.2278,0.1021,0.3392
Economic - Education,South,7539,0.4366,0.3469,0.5102
Economic - Health,South,7614,0.5184,0.4706,0.5597
Economic - Housing,South,7539,0.1223,0.064,0.1795
Economic - Crime,South,7381,0.4996,0.418,0.5703
Education - Health,South,7539,0.2918,0.2081,0.3682
Education - Housing,South,7539,-0.0018,-0.0604,0.0582
Education - Crime,South,7310,0.0676,-0.0174,0.1599
Health - Housing,South,7539,0.0574,-0.0068,0.1217
Health - Crime,South,7381,0.3526,0.2779,0.4147
Housing - Crime,South,7310,0.1082,0.0459,0.1701
Economic - Education,Pacific Northwest,1112,0.444,0.3373,0.5929
Economic - Health,Pacific Northwest,1138,0.2885,0.1164,0.4315
Economic - Housing,Pacific Northwest,1112,0.0873,-0.0983,0.2242
Economic - Crime,Pacific Northwest,994,0.5515,0.3721,0.6694
Education - Health,Pacific Northwest,1112,0.4111,0.282,0.5354
Education - Housing,Pacific Northwest,1112,-0.0764,-0.1851,0.0204
Education - Crime,Pacific Northwest,973,0.2089,0.0308,0.4225
Health - Housing,Pacific Northwest,1112,-0.0626,-0.1693,0.0345
Health - Crime,Pacific Northwest,994,0.4026,0.2247,0.5362
Housing - Crime,Pacific Northwest,973,0.2095,0.0342,0.3782
Economic - Education,California,2207,0.6322,0.5133,0.7067
Economic - Health,California,2221,0.5964,0.4471,0.6847
Economic - Housing,California,2205,0.0231,-0.1193,0.182
Economic - Crime,California,2216,0.6675,0.5015,0.7515
Education - Health,California,2207,0.6542,0.4991,0.7404
Education - Housing,California,2205,-0.1844,-0.2863,-0.065
Education - Crime,California,2202,0.2361,0.0729,0.3809
Health - Housing,California,2205,-0.1228,-0.2486,0.0316
Health - Crime,California,2216,0.3785,0.1951,0.5272
Housing - Crime,California,2200,0.0771,-0.0856,0.2297
Economic - Education,Mountain & Southwest,2022,0.6776,0.6133,0.7429
Economic - Health,Mountain & Southwest,2048,0.5066,0.3952,0.5896
Economic - Housing,Mountain & Southwest,2022,0.1272,-0.0017,0.2664
Economic - Crime,Mountain & Southwest,1786,0.4802,0.3175,0.642
Education - Health,Mountain & Southwest,2022,0.556,0.4282,0.6477
Education - Housing,Mountain & Southwest,2022,0.0081,-0.1045,0.1415
Education - Crime,Mountain & Southwest,1761,0.2969,0.1465,0.4719
Health - Housing,Mountain & Southwest,2022,-0.0987,-0.2237,0.0515
Health - Crime,Mountain & Southwest,1786,0.372,0.2429,0.5123
Housing - Crime,Mountain & Southwest,1761,0.2154,0.0321,0.416
Economic - Education,Alaska,75,0.4918,0.2486,0.7625
Economic - Health,Alaska,76,0.332,0.0127,0.6853
Economic - Housing,Alaska,75,0.5135,0.0937,0.7171
Economic - Crime,Alaska,54,-0.0174,-0.6538,0.8364
Education - Health,Alaska,75,0.6107,0.1982,0.8126
Education - Housing,Alaska,75,0.0266,-0.371,0.496
Education - Crime,Alaska,53,0.4931,-0.0493,0.774
Health - Housing,Alaska,75,0.1874,-0.2492,0.6741
Health - Crime,Alaska,54,0.6346,0.1151,0.8376
Housing - Crime,Alaska,53,-0.1736,-0.7959,0.7111
Economic - Education,Hawaii,43,0.3832,-0.1002,0.4949
Economic - Health,Hawaii,43,0.0756,-0.3422,0.3256
Economic - Housing,Hawaii,43,0.5835,-0.1553,0.6046
Economic - Crime,Hawaii,43,0.0427,-0.676,0.5817
Education - Health,Hawaii,43,0.1059,-0.6504,0.42
Education - Housing,Hawaii,43,0.0125,-0.753,0.0872
Education - Crime,Hawaii,43,0.0145,-0.3108,0.2761
Health - Housing,Hawaii,43,0.0224,-0.4106,0.7363
Health - Crime,Hawaii,43,0.0946,-0.0884,0.2621
Housing - Crime,Hawaii,43,0.1483,-0.7537,0.7492
Economic - Education,Puerto Rico,205,0.6579,0.4854,0.7595
Economic - Health,Puerto Rico,205,-0.1461,-0.3763,0.0586
Economic - Housing,Puerto Rico,205,0.3608,0.1767,0.5772
Economic - Crime,Puerto Rico,0,,,
Education - Health,Puerto Rico,205,-0.1188,-0.4077,0.1273
Education - Housing,Puerto Rico,205,0.2299,0.059,0.4816
Education - Crime,Puerto Rico,0,,,
Health - Housing,Puerto Rico,205,-0.3622,-0.5084,-0.2087
Health - Crime,Puerto Rico,0,,,
Housing - Crime,Puerto Rico,0,,,
