measure,region_a,region_b,spearman_a,spearman_b,difference,ci_low,ci_high,p,q_bh
Economic,Northeast,Midwest,0.6944,0.5354,0.159,0.0524,0.2557,0.004,0.0196
Economic,Northeast,South,0.6944,0.6163,0.0781,-0.0202,0.158,0.1159,0.2442
Economic,Northeast,Pacific Northwest,0.6944,0.5065,0.1879,0.0409,0.3512,0.018,0.0573
Economic,Northeast,California,0.6944,0.7954,-0.101,-0.1946,-0.0151,0.018,0.0573
Economic,Northeast,Mountain & Southwest,0.6944,0.6597,0.0347,-0.0707,0.1403,0.6254,0.757
Economic,Midwest,South,0.5354,0.6163,-0.081,-0.1606,-0.0168,0.012,0.0443
Economic,Midwest,Pacific Northwest,0.5354,0.5065,0.0289,-0.0996,0.1806,0.6573,0.776
Economic,Midwest,California,0.5354,0.7954,-0.2601,-0.3315,-0.186,0.002,0.0124
Economic,Midwest,Mountain & Southwest,0.5354,0.6597,-0.1243,-0.2287,-0.0231,0.022,0.0637
Economic,South,Pacific Northwest,0.6163,0.5065,0.1098,-0.0126,0.2613,0.0759,0.1729
Economic,South,California,0.6163,0.7954,-0.1791,-0.2313,-0.1124,0.002,0.0124
Economic,South,Mountain & Southwest,0.6163,0.6597,-0.0433,-0.1264,0.0513,0.3636,0.5391
Economic,Pacific Northwest,California,0.5065,0.7954,-0.2889,-0.4485,-0.1655,0.002,0.0124
Economic,Pacific Northwest,Mountain & Southwest,0.5065,0.6597,-0.1531,-0.3224,-0.0145,0.04,0.105
Economic,California,Mountain & Southwest,0.7954,0.6597,0.1358,0.0422,0.2295,0.008,0.0329
Education,Northeast,Midwest,0.412,0.3934,0.0187,-0.1177,0.1505,0.7512,0.8365
Education,Northeast,South,0.412,0.1891,0.2229,0.0793,0.3584,0.004,0.0196
Education,Northeast,Pacific Northwest,0.412,0.3026,0.1094,-0.0844,0.2921,0.2977,0.4686
Education,Northeast,California,0.412,0.4137,-0.0017,-0.1672,0.1579,0.9171,0.9412
Education,Northeast,Mountain & Southwest,0.412,0.5026,-0.0905,-0.2433,0.0586,0.2178,0.3778
Education,Midwest,South,0.3934,0.1891,0.2043,0.0992,0.3099,0.002,0.0124
Education,Midwest,Pacific Northwest,0.3934,0.3026,0.0907,-0.0836,0.2384,0.3077,0.4814
Education,Midwest,California,0.3934,0.4137,-0.0203,-0.1495,0.114,0.6673,0.777
Education,Midwest,Mountain & Southwest,0.3934,0.5026,-0.1092,-0.217,-0.0132,0.038,0.1019
Education,South,Pacific Northwest,0.1891,0.3026,-0.1135,-0.2963,0.0469,0.1538,0.3018
Education,South,California,0.1891,0.4137,-0.2246,-0.3659,-0.0796,0.008,0.0329
Education,South,Mountain & Southwest,0.1891,0.5026,-0.3135,-0.4315,-0.1912,0.002,0.0124
Education,Pacific Northwest,California,0.3026,0.4137,-0.1111,-0.2884,0.0811,0.2378,0.4069
Education,Pacific Northwest,Mountain & Southwest,0.3026,0.5026,-0.1999,-0.3615,-0.0314,0.022,0.0637
Education,California,Mountain & Southwest,0.4137,0.5026,-0.0889,-0.2523,0.0605,0.2557,0.4235
Health,Northeast,Midwest,0.5824,0.4833,0.0991,-0.0384,0.2293,0.1419,0.2826
Health,Northeast,South,0.5824,0.4635,0.1188,-0.001,0.2288,0.0559,0.1372
Health,Northeast,Pacific Northwest,0.5824,0.3662,0.2162,0.0436,0.3869,0.01,0.0398
Health,Northeast,California,0.5824,0.6066,-0.0242,-0.1737,0.15,0.8112,0.8749
Health,Northeast,Mountain & Southwest,0.5824,0.4485,0.1339,-0.0087,0.2739,0.0719,0.1667
Health,Midwest,South,0.4833,0.4635,0.0198,-0.0786,0.1182,0.7153,0.8179
Health,Midwest,Pacific Northwest,0.4833,0.3662,0.1171,-0.0312,0.2737,0.1159,0.2442
Health,Midwest,California,0.4833,0.6066,-0.1233,-0.2481,0.0411,0.1738,0.3283
Health,Midwest,Mountain & Southwest,0.4833,0.4485,0.0348,-0.0921,0.1792,0.6094,0.7543
Health,South,Pacific Northwest,0.4635,0.3662,0.0974,-0.0339,0.2401,0.1558,0.3034
Health,South,California,0.4635,0.6066,-0.1431,-0.2478,0.0187,0.0759,0.1729
Health,South,Mountain & Southwest,0.4635,0.4485,0.015,-0.0883,0.1422,0.7852,0.8594
Health,Pacific Northwest,California,0.3662,0.6066,-0.2404,-0.4071,-0.0562,0.018,0.0573
Health,Pacific Northwest,Mountain & Southwest,0.3662,0.4485,-0.0823,-0.2313,0.0778,0.3137,0.4848
Health,California,Mountain & Southwest,0.6066,0.4485,0.1581,-0.0162,0.3021,0.0859,0.1922
Housing,Northeast,Midwest,-0.21,0.1503,-0.3603,-0.5451,-0.1293,0.002,0.0124
Housing,Northeast,South,-0.21,0.0821,-0.2921,-0.4697,-0.0811,0.006,0.0259
Housing,Northeast,Pacific Northwest,-0.21,0.0922,-0.3022,-0.509,-0.0681,0.012,0.0443
Housing,Northeast,California,-0.21,-0.0795,-0.1305,-0.3512,0.1119,0.3237,0.4913
Housing,Northeast,Mountain & Southwest,-0.21,0.0718,-0.2818,-0.5002,-0.0156,0.03,0.0831
Housing,Midwest,South,0.1503,0.0821,0.0682,-0.0653,0.1731,0.2917,0.4649
Housing,Midwest,Pacific Northwest,0.1503,0.0922,0.0581,-0.1142,0.2556,0.4935,0.665
Housing,Midwest,California,0.1503,-0.0795,0.2298,0.0289,0.3809,0.026,0.0728
Housing,Midwest,Mountain & Southwest,0.1503,0.0718,0.0785,-0.1275,0.2701,0.4216,0.6039
Housing,South,Pacific Northwest,0.0821,0.0922,-0.0101,-0.1478,0.1629,0.9131,0.9412
Housing,South,California,0.0821,-0.0795,0.1616,-0.0023,0.2995,0.0599,0.1428
Housing,South,Mountain & Southwest,0.0821,0.0718,0.0103,-0.1533,0.1699,0.9031,0.94
Housing,Pacific Northwest,California,0.0922,-0.0795,0.1717,-0.0583,0.3463,0.1179,0.2464
Housing,Pacific Northwest,Mountain & Southwest,0.0922,0.0718,0.0204,-0.2077,0.2125,0.9031,0.94
Housing,California,Mountain & Southwest,-0.0795,0.0718,-0.1513,-0.3546,0.0663,0.1718,0.327
Crime,Northeast,Midwest,0.362,0.5048,-0.1428,-0.3118,-0.0088,0.046,0.1196
Crime,Northeast,South,0.362,0.2924,0.0697,-0.1058,0.2245,0.4875,0.665
Crime,Northeast,Pacific Northwest,0.362,0.501,-0.1389,-0.3141,0.0493,0.1359,0.275
Crime,Northeast,California,0.362,0.4373,-0.0752,-0.2877,0.1315,0.4196,0.6039
Crime,Northeast,Mountain & Southwest,0.362,0.4495,-0.0875,-0.3203,0.1195,0.3756,0.5534
Crime,Midwest,South,0.5048,0.2924,0.2124,0.0841,0.3312,0.002,0.0124
Crime,Midwest,Pacific Northwest,0.5048,0.501,0.0038,-0.1313,0.1535,0.9191,0.9412
Crime,Midwest,California,0.5048,0.4373,0.0675,-0.0944,0.2404,0.4955,0.665
Crime,Midwest,Mountain & Southwest,0.5048,0.4495,0.0553,-0.1472,0.2344,0.6613,0.777
Crime,South,Pacific Northwest,0.2924,0.501,-0.2086,-0.3527,-0.0329,0.016,0.0529
Crime,South,California,0.2924,0.4373,-0.1449,-0.3288,0.0554,0.1658,0.3204
Crime,South,Mountain & Southwest,0.2924,0.4495,-0.1571,-0.3595,0.0567,0.1479,0.2923
Crime,Pacific Northwest,California,0.501,0.4373,0.0637,-0.1457,0.2718,0.5954,0.7406
Crime,Pacific Northwest,Mountain & Southwest,0.501,0.4495,0.0515,-0.1811,0.2628,0.7453,0.8335
Crime,California,Mountain & Southwest,0.4373,0.4495,-0.0122,-0.2553,0.2129,0.8591,0.9128
Poverty,Northeast,Midwest,0.3899,0.1527,0.2372,0.1375,0.3345,0.002,0.0124
Poverty,Northeast,South,0.3899,0.2712,0.1187,0.0149,0.2151,0.024,0.0687
Poverty,Northeast,Pacific Northwest,0.3899,0.3671,0.0228,-0.1176,0.1847,0.7453,0.8335
Poverty,Northeast,California,0.3899,0.5965,-0.2066,-0.3239,-0.0753,0.006,0.0259
Poverty,Northeast,Mountain & Southwest,0.3899,0.2968,0.093,-0.0416,0.2228,0.2078,0.3629
Poverty,Midwest,South,0.1527,0.2712,-0.1185,-0.1875,-0.0502,0.004,0.0196
Poverty,Midwest,Pacific Northwest,0.1527,0.3671,-0.2144,-0.3423,-0.0746,0.004,0.0196
Poverty,Midwest,California,0.1527,0.5965,-0.4438,-0.5364,-0.3399,0.002,0.0124
Poverty,Midwest,Mountain & Southwest,0.1527,0.2968,-0.1441,-0.2617,-0.0273,0.02,0.0621
Poverty,South,Pacific Northwest,0.2712,0.3671,-0.0959,-0.2195,0.0508,0.1898,0.3507
Poverty,South,California,0.2712,0.5965,-0.3253,-0.4154,-0.2225,0.002,0.0124
Poverty,South,Mountain & Southwest,0.2712,0.2968,-0.0257,-0.1346,0.0942,0.6354,0.7595
Poverty,Pacific Northwest,California,0.3671,0.5965,-0.2294,-0.3863,-0.0852,0.002,0.0124
Poverty,Pacific Northwest,Mountain & Southwest,0.3671,0.2968,0.0702,-0.1036,0.2174,0.4476,0.6236
Poverty,California,Mountain & Southwest,0.5965,0.2968,0.2996,0.1583,0.4349,0.002,0.0124
Unemployment,Northeast,Midwest,0.4353,0.4132,0.0221,-0.1697,0.2214,0.8591,0.9128
Unemployment,Northeast,South,0.4353,0.3705,0.0648,-0.1122,0.2287,0.5355,0.7002
Unemployment,Northeast,Pacific Northwest,0.4353,0.184,0.2513,-0.007,0.5215,0.0599,0.1428
Unemployment,Northeast,California,0.4353,0.6305,-0.1952,-0.3999,0.012,0.0619,0.1462
Unemployment,Northeast,Mountain & Southwest,0.4353,0.3355,0.0998,-0.1308,0.2985,0.4256,0.6063
Unemployment,Midwest,South,0.4132,0.3705,0.0427,-0.1007,0.1697,0.6214,0.757
Unemployment,Midwest,Pacific Northwest,0.4132,0.184,0.2292,0.0045,0.4819,0.048,0.1235
Unemployment,Midwest,California,0.4132,0.6305,-0.2173,-0.3803,-0.0162,0.04,0.105
Unemployment,Midwest,Mountain & Southwest,0.4132,0.3355,0.0777,-0.127,0.2773,0.4995,0.6669
Unemployment,South,Pacific Northwest,0.3705,0.184,0.1865,-0.0139,0.4383,0.0679,0.1589
Unemployment,South,California,0.3705,0.6305,-0.26,-0.4,-0.0639,0.012,0.0443
Unemployment,South,Mountain & Southwest,0.3705,0.3355,0.035,-0.1479,0.2179,0.7253,0.8256
Unemployment,Pacific Northwest,California,0.184,0.6305,-0.4465,-0.7128,-0.2055,0.004,0.0196
Unemployment,Pacific Northwest,Mountain & Southwest,0.184,0.3355,-0.1515,-0.4341,0.1119,0.2498,0.4163
Unemployment,California,Mountain & Southwest,0.6305,0.3355,0.295,0.0548,0.493,0.026,0.0728
Single-parent households,Northeast,Midwest,0.5656,0.5025,0.0631,-0.1117,0.2287,0.5075,0.6705
Single-parent households,Northeast,South,0.5656,0.5539,0.0117,-0.1466,0.1604,0.9031,0.94
Single-parent households,Northeast,Pacific Northwest,0.5656,0.2127,0.3529,0.0965,0.6027,0.002,0.0124
Single-parent households,Northeast,California,0.5656,0.6059,-0.0403,-0.2373,0.1574,0.8052,0.8737
Single-parent households,Northeast,Mountain & Southwest,0.5656,0.5627,0.0029,-0.1804,0.1889,0.957,0.9608
Single-parent households,Midwest,South,0.5025,0.5539,-0.0514,-0.1701,0.0479,0.3596,0.5363
Single-parent households,Midwest,Pacific Northwest,0.5025,0.2127,0.2898,0.0732,0.5426,0.016,0.0529
Single-parent households,Midwest,California,0.5025,0.6059,-0.1034,-0.253,0.0851,0.2897,0.4646
Single-parent households,Midwest,Mountain & Southwest,0.5025,0.5627,-0.0602,-0.2007,0.0989,0.4755,0.6555
Single-parent households,South,Pacific Northwest,0.5539,0.2127,0.3412,0.1374,0.5672,0.002,0.0124
Single-parent households,South,California,0.5539,0.6059,-0.052,-0.1719,0.1146,0.5894,0.7368
Single-parent households,South,Mountain & Southwest,0.5539,0.5627,-0.0087,-0.1247,0.1436,0.9391,0.9578
Single-parent households,Pacific Northwest,California,0.2127,0.6059,-0.3932,-0.6252,-0.1586,0.002,0.0124
Single-parent households,Pacific Northwest,Mountain & Southwest,0.2127,0.5627,-0.35,-0.5927,-0.1218,0.006,0.0259
Single-parent households,California,Mountain & Southwest,0.6059,0.5627,0.0432,-0.1563,0.208,0.6893,0.7918
Access to broadband internet,Northeast,Midwest,0.5537,0.3353,0.2184,0.0951,0.3338,0.004,0.0196
Access to broadband internet,Northeast,South,0.5537,0.4917,0.062,-0.0498,0.1498,0.2877,0.4643
Access to broadband internet,Northeast,Pacific Northwest,0.5537,0.4599,0.0938,-0.0445,0.2667,0.2018,0.3598
Access to broadband internet,Northeast,California,0.5537,0.6977,-0.144,-0.2543,-0.0281,0.022,0.0637
Access to broadband internet,Northeast,Mountain & Southwest,0.5537,0.6181,-0.0644,-0.1822,0.0422,0.2378,0.4069
Access to broadband internet,Midwest,South,0.3353,0.4917,-0.1564,-0.2576,-0.0602,0.006,0.0259
Access to broadband internet,Midwest,Pacific Northwest,0.3353,0.4599,-0.1247,-0.2613,0.0556,0.1838,0.3447
Access to broadband internet,Midwest,California,0.3353,0.6977,-0.3624,-0.4678,-0.2305,0.002,0.0124
Access to broadband internet,Midwest,Mountain & Southwest,0.3353,0.6181,-0.2828,-0.3989,-0.1728,0.002,0.0124
Access to broadband internet,South,Pacific Northwest,0.4917,0.4599,0.0318,-0.0885,0.2031,0.6234,0.757
Access to broadband internet,South,California,0.4917,0.6977,-0.206,-0.2898,-0.106,0.004,0.0196
Access to broadband internet,South,Mountain & Southwest,0.4917,0.6181,-0.1264,-0.2137,-0.0404,0.006,0.0259
Access to broadband internet,Pacific Northwest,California,0.4599,0.6977,-0.2378,-0.4147,-0.103,0.004,0.0196
Access to broadband internet,Pacific Northwest,Mountain & Southwest,0.4599,0.6181,-0.1582,-0.3387,-0.0251,0.022,0.0637
Access to broadband internet,California,Mountain & Southwest,0.6977,0.6181,0.0796,-0.0477,0.1758,0.2038,0.3609
Less than HS,Northeast,Midwest,0.4473,0.4399,0.0074,-0.1268,0.1313,0.9091,0.9412
Less than HS,Northeast,South,0.4473,0.3584,0.0889,-0.0383,0.2091,0.1978,0.3598
Less than HS,Northeast,Pacific Northwest,0.4473,0.428,0.0193,-0.1584,0.2097,0.8132,0.8749
Less than HS,Northeast,California,0.4473,0.5031,-0.0558,-0.2057,0.0772,0.3856,0.5619
Less than HS,Northeast,Mountain & Southwest,0.4473,0.4811,-0.0339,-0.1763,0.1102,0.5674,0.7235
Less than HS,Midwest,South,0.4399,0.3584,0.0815,-0.0006,0.1666,0.0599,0.1428
Less than HS,Midwest,Pacific Northwest,0.4399,0.428,0.0119,-0.1225,0.1657,0.8731,0.9238
Less than HS,Midwest,California,0.4399,0.5031,-0.0632,-0.1637,0.0397,0.1958,0.3592
Less than HS,Midwest,Mountain & Southwest,0.4399,0.4811,-0.0412,-0.1454,0.0509,0.3776,0.5534
Less than HS,South,Pacific Northwest,0.3584,0.428,-0.0696,-0.2081,0.0833,0.4456,0.6236
Less than HS,South,California,0.3584,0.5031,-0.1446,-0.246,-0.0429,0.01,0.0398
Less than HS,South,Mountain & Southwest,0.3584,0.4811,-0.1227,-0.2225,-0.0226,0.02,0.0621
Less than HS,Pacific Northwest,California,0.428,0.5031,-0.075,-0.2518,0.0774,0.3237,0.4913
Less than HS,Pacific Northwest,Mountain & Southwest,0.428,0.4811,-0.0531,-0.2172,0.0903,0.4615,0.6396
Less than HS,California,Mountain & Southwest,0.5031,0.4811,0.0219,-0.1035,0.139,0.6833,0.7884
Linguistic isolation,Northeast,Midwest,0.1302,0.0146,0.1156,-0.0872,0.3286,0.2937,0.4652
Linguistic isolation,Northeast,South,0.1302,-0.2562,0.3864,0.22,0.5524,0.002,0.0124
Linguistic isolation,Northeast,Pacific Northwest,0.1302,-0.1109,0.2411,-0.088,0.5111,0.1898,0.3507
Linguistic isolation,Northeast,California,0.1302,0.157,-0.0268,-0.2703,0.2296,0.7572,0.8396
Linguistic isolation,Northeast,Mountain & Southwest,0.1302,0.2828,-0.1527,-0.3451,0.0447,0.1339,0.2731
Linguistic isolation,Midwest,South,0.0146,-0.2562,0.2708,0.1305,0.4216,0.002,0.0124
Linguistic isolation,Midwest,Pacific Northwest,0.0146,-0.1109,0.1256,-0.1889,0.3972,0.4915,0.665
Linguistic isolation,Midwest,California,0.0146,0.157,-0.1424,-0.3632,0.1134,0.2018,0.3598
Linguistic isolation,Midwest,Mountain & Southwest,0.0146,0.2828,-0.2682,-0.4378,-0.0843,0.004,0.0196
Linguistic isolation,South,Pacific Northwest,-0.2562,-0.1109,-0.1453,-0.4538,0.0723,0.2478,0.4156
Linguistic isolation,South,California,-0.2562,0.157,-0.4132,-0.5927,-0.1853,0.002,0.0124
Linguistic isolation,South,Mountain & Southwest,-0.2562,0.2828,-0.539,-0.6688,-0.408,0.002,0.0124
Linguistic isolation,Pacific Northwest,California,-0.1109,0.157,-0.2679,-0.5222,0.101,0.1399,0.2808
Linguistic isolation,Pacific Northwest,Mountain & Southwest,-0.1109,0.2828,-0.3938,-0.6358,-0.074,0.012,0.0443
Linguistic isolation,California,Mountain & Southwest,0.157,0.2828,-0.1259,-0.3821,0.0972,0.2597,0.4273
SNAP recipients,Northeast,Midwest,0.156,0.017,0.139,0.0337,0.2385,0.016,0.0529
SNAP recipients,Northeast,South,0.156,-0.0673,0.2233,0.1166,0.3252,0.002,0.0124
SNAP recipients,Northeast,Pacific Northwest,0.156,0.352,-0.196,-0.353,-0.0385,0.014,0.0495
SNAP recipients,Northeast,California,0.156,0.4675,-0.3115,-0.4573,-0.1885,0.002,0.0124
SNAP recipients,Northeast,Mountain & Southwest,0.156,0.1068,0.0491,-0.0874,0.1876,0.5435,0.7035
SNAP recipients,Midwest,South,0.017,-0.0673,0.0843,0.0005,0.1706,0.05,0.1261
SNAP recipients,Midwest,Pacific Northwest,0.017,0.352,-0.335,-0.4788,-0.1866,0.002,0.0124
SNAP recipients,Midwest,California,0.017,0.4675,-0.4505,-0.5654,-0.3481,0.002,0.0124
SNAP recipients,Midwest,Mountain & Southwest,0.017,0.1068,-0.0898,-0.2199,0.0314,0.1718,0.327
SNAP recipients,South,Pacific Northwest,-0.0673,0.352,-0.4193,-0.5692,-0.2735,0.002,0.0124
SNAP recipients,South,California,-0.0673,0.4675,-0.5348,-0.6668,-0.423,0.002,0.0124
SNAP recipients,South,Mountain & Southwest,-0.0673,0.1068,-0.1742,-0.3096,-0.0358,0.016,0.0529
SNAP recipients,Pacific Northwest,California,0.352,0.4675,-0.1155,-0.3054,0.034,0.1259,0.2589
SNAP recipients,Pacific Northwest,Mountain & Southwest,0.352,0.1068,0.2451,0.0678,0.41,0.012,0.0443
SNAP recipients,California,Mountain & Southwest,0.4675,0.1068,0.3607,0.2182,0.518,0.002,0.0124
Access to healthcare,Northeast,Midwest,0.294,0.3032,-0.0092,-0.1087,0.095,0.8931,0.94
Access to healthcare,Northeast,South,0.294,0.1278,0.1662,0.0676,0.274,0.002,0.0124
Access to healthcare,Northeast,Pacific Northwest,0.294,0.3906,-0.0966,-0.2208,0.062,0.2438,0.4144
Access to healthcare,Northeast,California,0.294,0.3521,-0.0582,-0.1955,0.1015,0.5415,0.7035
Access to healthcare,Northeast,Mountain & Southwest,0.294,0.3395,-0.0455,-0.1635,0.0922,0.5075,0.6705
Access to healthcare,Midwest,South,0.3032,0.1278,0.1754,0.0782,0.2698,0.004,0.0196
Access to healthcare,Midwest,Pacific Northwest,0.3032,0.3906,-0.0874,-0.2131,0.0666,0.2458,0.415
Access to healthcare,Midwest,California,0.3032,0.3521,-0.0489,-0.1842,0.1073,0.5734,0.7275
Access to healthcare,Midwest,Mountain & Southwest,0.3032,0.3395,-0.0363,-0.1572,0.1034,0.5654,0.7235
Access to healthcare,South,Pacific Northwest,0.1278,0.3906,-0.2628,-0.3855,-0.1062,0.002,0.0124
Access to healthcare,South,California,0.1278,0.3521,-0.2243,-0.3547,-0.0576,0.014,0.0495
Access to healthcare,South,Mountain & Southwest,0.1278,0.3395,-0.2117,-0.3343,-0.0757,0.006,0.0259
Access to healthcare,Pacific Northwest,California,0.3906,0.3521,0.0385,-0.1509,0.2146,0.6733,0.7804
Access to healthcare,Pacific Northwest,Mountain & Southwest,0.3906,0.3395,0.0511,-0.1102,0.2077,0.5814,0.7304
Access to healthcare,California,Mountain & Southwest,0.3521,0.3395,0.0127,-0.1579,0.1706,0.9471,0.9603
Infant mortality rate,Northeast,Midwest,0.3878,0.6792,-0.2915,-0.4591,-0.1116,0.006,0.0259
Infant mortality rate,Northeast,South,0.3878,0.4314,-0.0436,-0.2508,0.163,0.6294,0.757
Infant mortality rate,Northeast,Pacific Northwest,0.3878,0.3362,0.0516,-0.1697,0.3114,0.6294,0.757
Infant mortality rate,Northeast,California,0.3878,0.5592,-0.1714,-0.3999,0.1031,0.2078,0.3629
Infant mortality rate,Northeast,Mountain & Southwest,0.3878,0.4566,-0.0688,-0.3476,0.1913,0.5634,0.7235
Infant mortality rate,Midwest,South,0.6792,0.4314,0.2479,0.0821,0.4019,0.002,0.0124
Infant mortality rate,Midwest,Pacific Northwest,0.6792,0.3362,0.343,0.1728,0.5617,0.002,0.0124
Infant mortality rate,Midwest,California,0.6792,0.5592,0.1201,-0.0767,0.363,0.3157,0.4849
Infant mortality rate,Midwest,Mountain & Southwest,0.6792,0.4566,0.2227,-0.0372,0.4581,0.1039,0.2245
Infant mortality rate,South,Pacific Northwest,0.4314,0.3362,0.0952,-0.1004,0.3324,0.3097,0.4815
Infant mortality rate,South,California,0.4314,0.5592,-0.1278,-0.3409,0.1465,0.3277,0.4944
Infant mortality rate,South,Mountain & Southwest,0.4314,0.4566,-0.0252,-0.2949,0.2345,0.7652,0.8411
Infant mortality rate,Pacific Northwest,California,0.3362,0.5592,-0.2229,-0.5075,0.0533,0.0999,0.2177
Infant mortality rate,Pacific Northwest,Mountain & Southwest,0.3362,0.4566,-0.1204,-0.4548,0.151,0.3596,0.5363
Infant mortality rate,California,Mountain & Southwest,0.5592,0.4566,0.1026,-0.212,0.3915,0.5794,0.7304
Housing affordability,Northeast,Midwest,0.0967,0.1582,-0.0615,-0.336,0.2056,0.6673,0.777
Housing affordability,Northeast,South,0.0967,0.0353,0.0615,-0.1808,0.3006,0.6154,0.757
Housing affordability,Northeast,Pacific Northwest,0.0967,-0.5086,0.6053,0.3419,0.8315,0.002,0.0124
Housing affordability,Northeast,California,0.0967,-0.5149,0.6117,0.3225,0.8833,0.002,0.0124
Housing affordability,Northeast,Mountain & Southwest,0.0967,-0.1518,0.2486,-0.053,0.5196,0.1119,0.2398
Housing affordability,Midwest,South,0.1582,0.0353,0.123,-0.0575,0.3184,0.1998,0.3598
Housing affordability,Midwest,Pacific Northwest,0.1582,-0.5086,0.6668,0.4548,0.8529,0.002,0.0124
Housing affordability,Midwest,California,0.1582,-0.5149,0.6732,0.4532,0.8993,0.002,0.0124
Housing affordability,Midwest,Mountain & Southwest,0.1582,-0.1518,0.31,0.0662,0.5496,0.014,0.0495
Housing affordability,South,Pacific Northwest,0.0353,-0.5086,0.5439,0.3833,0.6728,0.002,0.0124
Housing affordability,South,California,0.0353,-0.5149,0.5502,0.3731,0.7281,0.002,0.0124
Housing affordability,South,Mountain & Southwest,0.0353,-0.1518,0.1871,-0.0041,0.388,0.0539,0.1349
Housing affordability,Pacific Northwest,California,-0.5086,-0.5149,0.0063,-0.1672,0.216,0.8212,0.8798
Housing affordability,Pacific Northwest,Mountain & Southwest,-0.5086,-0.1518,-0.3568,-0.5582,-0.15,0.002,0.0124
Housing affordability,California,Mountain & Southwest,-0.5149,-0.1518,-0.3631,-0.5934,-0.145,0.004,0.0196
Housing vacancy rate,Northeast,Midwest,0.037,0.2419,-0.205,-0.4038,0.0035,0.0559,0.1372
Housing vacancy rate,Northeast,South,0.037,0.3674,-0.3304,-0.5341,-0.1347,0.002,0.0124
Housing vacancy rate,Northeast,Pacific Northwest,0.037,0.1717,-0.1347,-0.3582,0.1138,0.2837,0.4608
Housing vacancy rate,Northeast,California,0.037,-0.0332,0.0702,-0.1983,0.3158,0.6374,0.7595
Housing vacancy rate,Northeast,Mountain & Southwest,0.037,0.2451,-0.2081,-0.4141,0.0313,0.0859,0.1922
Housing vacancy rate,Midwest,South,0.2419,0.3674,-0.1254,-0.2592,-0.0115,0.036,0.0976
Housing vacancy rate,Midwest,Pacific Northwest,0.2419,0.1717,0.0702,-0.103,0.259,0.4356,0.617
Housing vacancy rate,Midwest,California,0.2419,-0.0332,0.2752,0.0571,0.4512,0.022,0.0637
Housing vacancy rate,Midwest,Mountain & Southwest,0.2419,0.2451,-0.0031,-0.1701,0.1606,0.991,0.991
Housing vacancy rate,South,Pacific Northwest,0.3674,0.1717,0.1957,0.0319,0.3779,0.016,0.0529
Housing vacancy rate,South,California,0.3674,-0.0332,0.4006,0.1885,0.5801,0.002,0.0124
Housing vacancy rate,South,Mountain & Southwest,0.3674,0.2451,0.1223,-0.0221,0.2836,0.0979,0.2152
Housing vacancy rate,Pacific Northwest,California,0.1717,-0.0332,0.205,-0.0778,0.4245,0.1219,0.2527
Housing vacancy rate,Pacific Northwest,Mountain & Southwest,0.1717,0.2451,-0.0733,-0.2991,0.1225,0.5195,0.6828
Housing vacancy rate,California,Mountain & Southwest,-0.0332,0.2451,-0.2783,-0.4732,-0.0249,0.032,0.0877
Violent crime rate,Northeast,Midwest,0.468,0.599,-0.1311,-0.3026,0.0227,0.0879,0.1949
Violent crime rate,Northeast,South,0.468,0.4268,0.0412,-0.152,0.2075,0.7652,0.8411
Violent crime rate,Northeast,Pacific Northwest,0.468,0.3546,0.1134,-0.152,0.3562,0.4116,0.5963
Violent crime rate,Northeast,California,0.468,0.4177,0.0503,-0.2039,0.2572,0.7333,0.8274
Violent crime rate,Northeast,Mountain & Southwest,0.468,0.4555,0.0125,-0.264,0.2528,0.9491,0.9603
Violent crime rate,Midwest,South,0.599,0.4268,0.1722,0.0397,0.3051,0.008,0.0329
Violent crime rate,Midwest,Pacific Northwest,0.599,0.3546,0.2444,0.0319,0.4661,0.022,0.0637
Violent crime rate,Midwest,California,0.599,0.4177,0.1813,0.002,0.3756,0.05,0.1261
Violent crime rate,Midwest,Mountain & Southwest,0.599,0.4555,0.1435,-0.091,0.364,0.2777,0.454
Violent crime rate,South,Pacific Northwest,0.4268,0.3546,0.0722,-0.1503,0.3039,0.4895,0.665
Violent crime rate,South,California,0.4268,0.4177,0.0091,-0.1929,0.2324,0.957,0.9608
Violent crime rate,South,Mountain & Southwest,0.4268,0.4555,-0.0287,-0.2588,0.2025,0.8032,0.8737
Violent crime rate,Pacific Northwest,California,0.3546,0.4177,-0.0631,-0.3445,0.1857,0.6494,0.7702
Violent crime rate,Pacific Northwest,Mountain & Southwest,0.3546,0.4555,-0.1009,-0.3966,0.186,0.4476,0.6236
Violent crime rate,California,Mountain & Southwest,0.4177,0.4555,-0.0378,-0.3342,0.2342,0.7293,0.8265
