region,measure,schools,schools_with_value,share_missing,counties,states,median,median_ci_low,median_ci_high,cliffs_delta_vs_rest,delta_ci_low,delta_ci_high,inputs_present,schools_per_county_weighted,design_effect,effective_n
Northeast,Economic,3303,3303,0.0,216,9,25.0,24.0,26.0,-0.2361,-0.3546,-0.1074,0.997,42.7,30.7,107.0
Northeast,Education,3303,3282,0.0064,216,9,20.0,19.0,22.0,-0.1469,-0.2749,-0.0225,1.0,42.7,12.1,270.0
Northeast,Health,3303,3303,0.0,216,9,27.0,26.0,29.0,-0.1344,-0.2481,-0.0234,0.891,42.7,25.4,130.0
Northeast,Housing,3303,3282,0.0064,216,9,15.0,13.0,17.0,-0.2916,-0.3851,-0.1927,0.857,42.7,24.7,133.0
Northeast,Crime,3303,2916,0.1172,166,8,18.0,14.0,21.0,-0.5612,-0.6618,-0.4402,0.888,45.7,45.7,64.0
Northeast,Composite Score,3303,3303,0.0,216,9,23.0,22.0,24.0,-0.393,-0.5001,-0.2804,,42.7,34.0,97.0
Midwest,Economic,6947,6947,0.0,1051,12,27.0,26.0,27.0,-0.0967,-0.1648,-0.0284,0.998,31.9,23.0,301.0
Midwest,Education,6947,6921,0.0037,1050,12,20.0,19.0,20.0,-0.3486,-0.412,-0.2809,1.0,31.9,9.3,748.0
Midwest,Health,6947,6947,0.0,1051,12,27.0,26.0,28.0,-0.1435,-0.2313,-0.0636,0.796,31.9,19.1,364.0
Midwest,Housing,6947,6921,0.0037,1050,12,17.0,16.0,18.0,-0.2317,-0.2939,-0.1649,0.785,31.9,18.5,373.0
Midwest,Crime,6947,4986,0.2823,489,12,30.0,24.0,37.0,-0.0992,-0.2193,0.0107,0.81,42.4,42.4,118.0
Midwest,Composite Score,6947,6947,0.0,1051,12,24.0,24.0,25.0,-0.3049,-0.3905,-0.2256,,31.9,25.5,272.0
South,Economic,7614,7614,0.0,1388,17,30.0,29.0,30.0,0.298,0.2336,0.358,0.995,26.9,19.5,391.0
South,Education,7614,7539,0.0099,1386,17,25.0,24.0,25.0,0.2338,0.1569,0.3092,1.0,26.7,7.9,958.0
South,Health,7614,7614,0.0,1388,17,33.0,32.0,33.0,0.4281,0.3656,0.4892,0.847,26.9,16.1,472.0
South,Housing,7614,7539,0.0099,1386,17,25.0,24.0,26.0,0.3171,0.2673,0.3662,0.829,26.7,15.6,484.0
South,Crime,7614,7381,0.0306,1285,17,46.0,43.0,48.0,0.5428,0.4708,0.6117,0.891,27.6,27.6,267.0
South,Composite Score,7614,7614,0.0,1388,17,33.0,32.0,34.0,0.5436,0.4826,0.6019,,26.9,21.5,354.0
Pacific Northwest,Economic,1138,1138,0.0,117,3,24.0,23.0,26.0,-0.2766,-0.3977,-0.1343,0.989,31.2,22.5,51.0
Pacific Northwest,Education,1138,1112,0.0228,116,3,21.0,20.0,22.0,-0.0721,-0.1716,0.0271,1.0,30.9,9.0,124.0
Pacific Northwest,Health,1138,1138,0.0,117,3,24.0,23.0,26.0,-0.4317,-0.5112,-0.3364,0.837,31.2,18.6,61.0
Pacific Northwest,Housing,1138,1112,0.0228,116,3,17.0,16.0,19.0,-0.1668,-0.2546,-0.0634,0.827,30.9,18.0,62.0
Pacific Northwest,Crime,1138,994,0.1265,74,3,19.0,15.0,23.0,-0.4872,-0.6,-0.3384,0.879,34.9,34.9,28.0
Pacific Northwest,Composite Score,1138,1138,0.0,117,3,22.0,21.0,24.0,-0.4443,-0.5402,-0.3254,,31.2,24.9,46.0
California,Economic,2221,2221,0.0,58,1,27.0,24.0,29.0,-0.0069,-0.2005,0.1515,0.996,164.7,117.7,19.0
California,Education,2221,2207,0.0063,58,1,34.0,29.0,39.0,0.4479,0.3106,0.5441,1.0,165.3,44.9,49.0
California,Health,2221,2221,0.0,58,1,27.0,25.0,29.0,-0.2123,-0.3875,-0.077,0.941,164.7,96.7,23.0
California,Housing,2221,2205,0.0072,58,1,20.0,19.0,22.0,0.0306,-0.0562,0.1368,0.923,165.4,94.3,23.0
California,Crime,2221,2216,0.0023,56,1,28.0,24.0,36.0,-0.1558,-0.2776,-0.007,0.99,165.0,165.0,13.0
California,Composite Score,2221,2221,0.0,58,1,29.0,26.0,31.0,0.0857,-0.0953,0.2207,,164.7,130.7,17.0
Mountain & Southwest,Economic,2048,2048,0.0,233,7,26.0,25.0,28.0,-0.0905,-0.1858,0.0268,0.994,85.0,60.9,34.0
Mountain & Southwest,Education,2048,2022,0.0127,233,7,22.0,20.0,23.0,-0.0447,-0.148,0.0458,1.0,85.4,23.6,86.0
Mountain & Southwest,Health,2048,2048,0.0,233,7,29.0,28.0,30.0,-0.0063,-0.0745,0.0737,0.86,85.0,50.1,41.0
Mountain & Southwest,Housing,2048,2022,0.0127,233,7,23.0,21.0,25.0,0.155,0.0514,0.2452,0.87,85.4,48.9,41.0
Mountain & Southwest,Crime,2048,1786,0.1279,131,7,32.0,30.0,36.0,0.0033,-0.1039,0.1265,0.909,97.0,97.0,18.0
Mountain & Southwest,Composite Score,2048,2048,0.0,233,7,27.0,26.0,28.0,-0.0149,-0.1085,0.091,,85.0,67.6,30.0
Alaska,Economic,76,76,0.0,23,1,24.0,21.5,31.0,-0.1627,-0.4314,0.2631,0.984,7.7,5.8,13.0
Alaska,Education,76,75,0.0132,23,1,21.0,19.0,24.0,-0.1335,-0.2862,0.0814,1.0,7.7,2.8,27.0
Alaska,Health,76,76,0.0,23,1,24.0,22.0,27.0,-0.3881,-0.566,-0.1625,0.834,7.7,4.9,15.0
Alaska,Housing,76,75,0.0132,23,1,35.0,25.4875,43.0,0.5495,0.2842,0.8098,0.889,7.7,4.8,16.0
Alaska,Crime,76,54,0.2895,7,1,49.0,23.0,73.5,0.3195,-0.0757,0.6441,0.5,10.2,10.2,5.0
Alaska,Composite Score,76,76,0.0,23,1,28.0,27.0,30.0,0.1251,-0.0196,0.3341,,7.7,6.3,12.0
Hawaii,Economic,43,43,0.0,4,1,24.0,21.0,27.0,-0.3687,-0.5757,0.0397,1.0,17.7,12.9,3.0
Hawaii,Education,43,43,0.0,4,1,23.0,21.0,25.0,-0.0383,-0.1497,0.1867,1.0,17.7,5.5,8.0
Hawaii,Health,43,43,0.0,4,1,28.0,28.0,29.0,-0.0346,-0.142,0.0215,1.0,17.7,10.7,4.0
Hawaii,Housing,43,43,0.0,4,1,30.0,24.0,43.0,0.4616,0.2271,0.862,1.0,17.7,10.5,4.0
Hawaii,Crime,43,43,0.0,4,1,12.0,8.0,20.0,-0.7847,-0.9242,-0.5875,0.5,17.7,17.7,2.0
Hawaii,Composite Score,43,43,0.0,4,1,24.0,21.0,29.0,-0.3292,-0.5281,0.0566,,17.7,14.2,3.0
Puerto Rico,Economic,205,205,0.0,77,1,36.0,32.5,39.0,0.5852,0.4734,0.7094,0.75,6.5,4.9,42.0
Puerto Rico,Education,205,205,0.0,77,1,73.0,72.0,75.0,0.954,0.9307,0.9751,1.0,6.5,2.5,83.0
Puerto Rico,Health,205,205,0.0,77,1,16.0,15.5,17.0,-0.9114,-0.9381,-0.8775,0.4,6.5,4.2,49.0
Puerto Rico,Housing,205,205,0.0,77,1,29.0,26.0,33.0,0.4939,0.3958,0.5815,0.667,6.5,4.1,50.0
Puerto Rico,Crime,205,0,1.0,0,0,,,,,,,,,,
Puerto Rico,Composite Score,205,205,0.0,77,1,39.0,38.0,40.0,0.734,0.6891,0.7829,,6.5,5.4,38.0
